Date,1 Mo,2 Mo,3 Mo,6 Mo,1 Yr,2 Yr,3 Yr,5 Yr,7 Yr,10 Yr,20 Yr,30 Yr
1/3/17,0.52,N/A,0.53,0.65,0.89,1.22,1.5,1.94,2.26,2.45,2.78,3.04
1/4/17,0.49,N/A,0.53,0.63,0.87,1.24,1.5,1.94,2.26,2.46,2.78,3.05
1/5/17,0.51,N/A,0.52,0.62,0.83,1.17,1.43,1.86,2.18,2.37,2.69,2.96
1/6/17,0.5,N/A,0.53,0.61,0.85,1.22,1.5,1.92,2.23,2.42,2.73,3
1/9/17,0.5,N/A,0.5,0.6,0.82,1.21,1.47,1.89,2.18,2.38,2.69,2.97
1/10/17,0.51,N/A,0.52,0.6,0.82,1.19,1.47,1.89,2.18,2.38,2.69,2.97
1/11/17,0.51,N/A,0.52,0.6,0.82,1.2,1.47,1.89,2.18,2.38,2.68,2.96
1/12/17,0.52,N/A,0.52,0.59,0.81,1.18,1.45,1.87,2.17,2.36,2.68,3.01
1/13/17,0.52,N/A,0.53,0.61,0.82,1.21,1.48,1.9,2.2,2.4,2.71,2.99
1/17/17,0.52,N/A,0.55,0.62,0.8,1.17,1.42,1.84,2.14,2.33,2.66,2.93
1/18/17,0.48,N/A,0.53,0.63,0.82,1.23,1.51,1.93,2.24,2.42,2.74,3
1/19/17,0.47,N/A,0.52,0.62,0.83,1.25,1.53,1.97,2.28,2.47,2.77,3.04
1/20/17,0.46,N/A,0.5,0.62,0.82,1.2,1.5,1.95,2.28,2.48,2.79,3.05
1/23/17,0.46,N/A,0.51,0.59,0.79,1.16,1.43,1.88,2.19,2.41,2.72,2.99
1/24/17,0.5,N/A,0.51,0.62,0.81,1.21,1.49,1.94,2.27,2.47,2.78,3.05
1/25/17,0.48,N/A,0.5,0.61,0.82,1.23,1.52,1.99,2.33,2.53,2.84,3.1
1/26/17,0.49,N/A,0.51,0.62,0.82,1.21,1.49,1.95,2.3,2.51,2.82,3.08
1/27/17,0.49,N/A,0.52,0.63,0.82,1.22,1.48,1.94,2.28,2.49,2.8,3.06
1/30/17,0.49,N/A,0.51,0.63,0.81,1.22,1.48,1.94,2.28,2.49,2.82,3.08
1/31/17,0.5,N/A,0.52,0.64,0.84,1.19,1.46,1.9,2.24,2.45,2.78,3.05
2/1/17,0.5,N/A,0.51,0.65,0.83,1.22,1.49,1.93,2.27,2.48,2.8,3.08
2/2/17,0.5,N/A,0.52,0.64,0.84,1.21,1.48,1.92,2.27,2.48,2.8,3.09
2/3/17,0.49,N/A,0.51,0.63,0.82,1.21,1.49,1.93,2.27,2.49,2.82,3.11
2/6/17,0.48,N/A,0.53,0.62,0.79,1.16,1.43,1.86,2.19,2.42,2.76,3.05
2/7/17,0.51,N/A,0.53,0.63,0.8,1.16,1.43,1.85,2.17,2.4,2.74,3.02
2/8/17,0.52,N/A,0.54,0.63,0.79,1.15,1.4,1.81,2.14,2.34,2.68,2.96
2/9/17,0.51,N/A,0.54,0.64,0.8,1.2,1.46,1.88,2.2,2.4,2.74,3.02
2/10/17,0.51,N/A,0.55,0.64,0.81,1.2,1.47,1.89,2.22,2.41,2.75,3.01
2/13/17,0.5,N/A,0.52,0.63,0.82,1.2,1.48,1.92,2.24,2.43,2.77,3.03
2/14/17,0.51,N/A,0.54,0.66,0.84,1.25,1.53,1.98,2.29,2.47,2.81,3.07
2/15/17,0.53,N/A,0.54,0.67,0.86,1.27,1.57,2.01,2.33,2.51,2.84,3.09
2/16/17,0.51,N/A,0.53,0.66,0.82,1.22,1.5,1.95,2.26,2.45,2.8,3.05
2/17/17,0.5,N/A,0.53,0.66,0.82,1.21,1.48,1.92,2.23,2.42,2.78,3.03
2/21/17,0.49,N/A,0.53,0.69,0.83,1.22,1.5,1.93,2.24,2.43,2.78,3.04
2/22/17,0.47,N/A,0.52,0.68,0.82,1.22,1.49,1.92,2.23,2.42,2.78,3.04
2/23/17,0.39,N/A,0.51,0.66,0.81,1.18,1.44,1.87,2.2,2.38,2.75,3.02
2/24/17,0.4,N/A,0.52,0.65,0.8,1.12,1.38,1.8,2.12,2.31,2.69,2.95
2/27/17,0.44,N/A,0.5,0.68,0.81,1.2,1.46,1.87,2.18,2.36,2.72,2.98
2/28/17,0.4,N/A,0.53,0.69,0.88,1.22,1.49,1.89,2.19,2.36,2.7,2.97
3/1/17,0.46,N/A,0.63,0.79,0.92,1.29,1.57,1.99,2.29,2.46,2.81,3.06
3/2/17,0.52,N/A,0.67,0.84,0.98,1.32,1.6,2.03,2.32,2.49,2.84,3.09
3/3/17,0.56,N/A,0.71,0.84,0.98,1.32,1.59,2.02,2.32,2.49,2.83,3.08
3/6/17,0.56,N/A,0.74,0.83,0.97,1.31,1.6,2.02,2.32,2.49,2.84,3.1
3/7/17,0.55,N/A,0.76,0.87,1.02,1.32,1.62,2.05,2.34,2.52,2.85,3.11
3/8/17,0.54,N/A,0.73,0.86,1.03,1.36,1.65,2.08,2.38,2.57,2.89,3.15
3/9/17,0.5,N/A,0.73,0.88,1.04,1.37,1.67,2.13,2.43,2.6,2.94,3.19
3/10/17,0.6,N/A,0.75,0.89,1.03,1.36,1.66,2.11,2.4,2.58,2.94,3.16
3/13/17,0.69,N/A,0.79,0.93,1.06,1.4,1.69,2.14,2.43,2.62,2.97,3.2
3/14/17,0.77,N/A,0.78,0.93,1.06,1.4,1.68,2.13,2.42,2.6,2.94,3.17
3/15/17,0.71,N/A,0.73,0.89,1.02,1.33,1.59,2.02,2.31,2.51,2.87,3.11
3/16/17,0.68,N/A,0.73,0.89,1.01,1.35,1.63,2.05,2.34,2.53,2.89,3.14
3/17/17,0.71,N/A,0.73,0.87,1,1.33,1.6,2.03,2.31,2.5,2.86,3.11
3/20/17,0.7,N/A,0.76,0.89,1.01,1.3,1.57,2,2.28,2.47,2.83,3.08
3/21/17,0.76,N/A,0.77,0.91,1,1.27,1.54,1.96,2.24,2.43,2.79,3.04
3/22/17,0.74,N/A,0.77,0.9,0.99,1.27,1.52,1.95,2.22,2.4,2.76,3.02
3/23/17,0.73,N/A,0.76,0.9,0.99,1.26,1.52,1.95,2.23,2.41,2.76,3.02
3/24/17,0.73,N/A,0.78,0.89,1,1.26,1.52,1.93,2.22,2.4,2.74,3
3/27/17,0.73,N/A,0.78,0.91,1,1.27,1.51,1.93,2.2,2.38,2.73,2.98
3/28/17,0.75,N/A,0.78,0.92,1.03,1.3,1.56,1.97,2.25,2.42,2.77,3.02
3/29/17,0.76,N/A,0.78,0.92,1.04,1.26,1.53,1.93,2.21,2.39,2.74,2.99
3/30/17,0.75,N/A,0.78,0.91,1.03,1.28,1.55,1.96,2.25,2.42,2.78,3.03
3/31/17,0.74,N/A,0.76,0.91,1.03,1.27,1.5,1.93,2.22,2.4,2.76,3.02
4/3/17,0.73,N/A,0.79,0.92,1.02,1.24,1.47,1.88,2.16,2.35,2.71,2.98
4/4/17,0.77,N/A,0.79,0.92,1.03,1.25,1.47,1.88,2.16,2.36,2.72,2.99
4/5/17,0.77,N/A,0.8,0.93,1.03,1.24,1.44,1.85,2.14,2.34,2.71,2.98
4/6/17,0.78,N/A,0.79,0.94,1.05,1.24,1.45,1.87,2.15,2.34,2.72,2.99
4/7/17,0.77,N/A,0.82,0.95,1.08,1.29,1.52,1.92,2.2,2.38,2.74,3
4/10/17,0.77,N/A,0.82,0.97,1.07,1.29,1.52,1.91,2.18,2.37,2.72,2.99
4/11/17,0.74,N/A,0.82,0.94,1.05,1.24,1.45,1.84,2.11,2.32,2.67,2.93
4/12/17,0.77,N/A,0.81,0.95,1.04,1.24,1.44,1.81,2.09,2.28,2.65,2.92
4/13/17,0.76,N/A,0.81,0.94,1.03,1.21,1.4,1.77,2.05,2.24,2.62,2.89
4/17/17,0.76,N/A,0.83,0.94,1.04,1.21,1.42,1.79,2.07,2.26,2.65,2.92
4/18/17,0.76,N/A,0.82,0.94,1.02,1.18,1.35,1.71,1.98,2.18,2.56,2.84
4/19/17,0.75,N/A,0.81,0.94,1.02,1.19,1.38,1.74,2.02,2.21,2.59,2.87
4/20/17,0.73,N/A,0.79,0.93,1.01,1.21,1.41,1.78,2.06,2.24,2.61,2.89
4/21/17,0.72,N/A,0.79,0.92,0.99,1.2,1.4,1.77,2.05,2.24,2.61,2.89
4/24/17,0.74,N/A,0.81,0.96,1.03,1.25,1.44,1.81,2.09,2.28,2.65,2.93
4/25/17,0.73,N/A,0.82,0.98,1.09,1.29,1.49,1.87,2.15,2.35,2.71,2.99
4/26/17,0.74,N/A,0.83,0.99,1.07,1.28,1.46,1.84,2.12,2.32,2.69,2.97
4/27/17,0.7,N/A,0.81,0.98,1.06,1.25,1.44,1.81,2.1,2.3,2.68,2.96
4/28/17,0.68,N/A,0.8,0.99,1.07,1.28,1.45,1.81,2.1,2.29,2.67,2.96
5/1/17,0.67,N/A,0.83,0.98,1.09,1.28,1.48,1.84,2.13,2.33,2.71,3
5/2/17,0.72,N/A,0.82,0.99,1.08,1.27,1.45,1.81,2.09,2.29,2.68,2.97
5/3/17,0.73,N/A,0.85,1,1.1,1.3,1.5,1.86,2.14,2.33,2.7,2.97
5/4/17,0.71,N/A,0.86,1,1.11,1.32,1.51,1.88,2.17,2.36,2.73,3
5/5/17,0.71,N/A,0.9,1.01,1.1,1.32,1.52,1.89,2.17,2.36,2.73,2.99
5/8/17,0.73,N/A,0.91,1.02,1.12,1.33,1.53,1.91,2.19,2.39,2.76,3.02
5/9/17,0.74,N/A,0.91,1.04,1.14,1.37,1.57,1.94,2.22,2.42,2.79,3.04
5/10/17,0.71,N/A,0.9,1.04,1.13,1.35,1.56,1.94,2.22,2.41,2.79,3.03
5/11/17,0.68,N/A,0.89,1.04,1.13,1.35,1.55,1.93,2.2,2.39,2.78,3.03
5/12/17,0.69,N/A,0.88,1.03,1.11,1.29,1.49,1.85,2.13,2.33,2.74,2.98
5/15/17,0.73,N/A,0.9,1.02,1.11,1.31,1.49,1.86,2.14,2.34,2.76,3
5/16/17,0.72,N/A,0.9,1.04,1.11,1.29,1.48,1.86,2.13,2.33,2.74,2.99
5/17/17,0.72,N/A,0.9,1,1.08,1.26,1.42,1.76,2.03,2.22,2.65,2.91
5/18/17,0.73,N/A,0.93,1.02,1.09,1.27,1.44,1.78,2.04,2.23,2.64,2.9
5/19/17,0.71,N/A,0.92,1.03,1.1,1.28,1.45,1.79,2.05,2.23,2.63,2.9
5/22/17,0.7,N/A,0.93,1.05,1.12,1.29,1.45,1.8,2.06,2.25,2.64,2.91
5/23/17,0.76,N/A,0.92,1.08,1.14,1.31,1.49,1.84,2.1,2.29,2.68,2.95
5/24/17,0.76,N/A,0.93,1.07,1.18,1.29,1.46,1.79,2.07,2.26,2.65,2.92
5/25/17,0.72,N/A,0.94,1.08,1.16,1.3,1.46,1.78,2.06,2.25,2.65,2.92
5/26/17,0.75,N/A,0.94,1.08,1.17,1.3,1.46,1.79,2.06,2.25,2.65,2.92
5/30/17,0.77,N/A,0.93,1.07,1.16,1.28,1.44,1.76,2.02,2.21,2.61,2.88
5/31/17,0.86,N/A,0.98,1.08,1.17,1.28,1.44,1.75,2.02,2.21,2.6,2.87
6/1/17,0.82,N/A,0.98,1.07,1.16,1.28,1.45,1.76,2.02,2.21,2.6,2.87
6/2/17,0.82,N/A,0.98,1.06,1.16,1.28,1.42,1.71,1.96,2.15,2.53,2.8
6/5/17,0.83,N/A,0.96,1.06,1.16,1.32,1.45,1.74,1.99,2.18,2.56,2.84
6/6/17,0.83,N/A,0.97,1.08,1.16,1.3,1.42,1.71,1.95,2.14,2.53,2.81
6/7/17,0.84,N/A,1,1.09,1.17,1.32,1.45,1.74,1.99,2.18,2.56,2.84
6/8/17,0.8,N/A,1.01,1.11,1.19,1.33,1.47,1.75,2,2.19,2.57,2.85
6/9/17,0.8,N/A,1.01,1.13,1.2,1.35,1.5,1.77,2.02,2.21,2.59,2.86
6/12/17,0.82,N/A,0.98,1.09,1.19,1.35,1.5,1.78,2.02,2.21,2.59,2.86
6/13/17,0.89,N/A,1,1.12,1.22,1.38,1.51,1.79,2.02,2.21,2.6,2.87
6/14/17,0.9,N/A,1.01,1.12,1.2,1.35,1.48,1.74,1.96,2.15,2.53,2.79
6/15/17,0.86,N/A,1.02,1.13,1.21,1.35,1.49,1.76,1.98,2.16,2.52,2.78
6/16/17,0.85,N/A,1.03,1.13,1.21,1.32,1.48,1.75,1.97,2.16,2.52,2.78
6/19/17,0.85,N/A,1.02,1.13,1.22,1.36,1.52,1.8,2.02,2.19,2.53,2.79
6/20/17,0.88,N/A,1.01,1.14,1.22,1.36,1.5,1.77,1.99,2.16,2.49,2.74
6/21/17,0.85,N/A,0.99,1.12,1.22,1.36,1.5,1.78,2,2.16,2.48,2.73
6/22/17,0.8,N/A,0.96,1.1,1.22,1.34,1.48,1.76,1.98,2.15,2.47,2.72
6/23/17,0.76,N/A,0.97,1.1,1.21,1.34,1.48,1.77,1.98,2.15,2.48,2.71
6/26/17,0.81,N/A,0.99,1.1,1.2,1.36,1.48,1.77,1.97,2.14,2.46,2.7
6/27/17,0.89,N/A,1,1.13,1.22,1.38,1.53,1.83,2.04,2.21,2.52,2.75
6/28/17,0.89,N/A,1.02,1.12,1.21,1.34,1.51,1.81,2.05,2.22,2.55,2.77
6/29/17,0.88,N/A,1.04,1.14,1.23,1.38,1.53,1.85,2.1,2.27,2.59,2.82
6/30/17,0.84,N/A,1.03,1.14,1.24,1.38,1.55,1.89,2.14,2.31,2.61,2.84
7/3/17,0.96,N/A,1.06,1.13,1.24,1.41,1.6,1.93,2.19,2.35,2.65,2.86
7/5/17,0.97,N/A,1.05,1.15,1.24,1.41,1.59,1.92,2.17,2.33,2.63,2.85
7/6/17,0.95,N/A,1.04,1.14,1.23,1.4,1.6,1.94,2.21,2.37,2.68,2.9
7/7/17,0.94,N/A,1.05,1.14,1.22,1.4,1.6,1.95,2.22,2.39,2.71,2.93
7/10/17,0.95,N/A,1.04,1.13,1.23,1.4,1.59,1.93,2.2,2.38,2.7,2.93
7/11/17,0.97,N/A,1.05,1.14,1.2,1.37,1.57,1.92,2.18,2.37,2.69,2.92
7/12/17,0.94,N/A,1.05,1.13,1.21,1.35,1.53,1.88,2.14,2.33,2.65,2.89
7/13/17,0.95,N/A,1.05,1.14,1.23,1.37,1.55,1.89,2.16,2.35,2.69,2.92
7/14/17,0.93,N/A,1.04,1.12,1.22,1.35,1.54,1.87,2.13,2.33,2.67,2.91
7/17/17,0.95,N/A,1.07,1.1,1.22,1.36,1.53,1.86,2.12,2.31,2.65,2.89
7/18/17,0.95,N/A,1.07,1.11,1.19,1.36,1.52,1.82,2.08,2.27,2.61,2.85
7/19/17,0.99,N/A,1.11,1.12,1.23,1.37,1.52,1.83,2.09,2.27,2.61,2.85
7/20/17,1,N/A,1.15,1.12,1.22,1.37,1.51,1.82,2.08,2.27,2.6,2.83
7/21/17,1,N/A,1.16,1.1,1.22,1.36,1.5,1.81,2.05,2.24,2.57,2.81
7/24/17,1,N/A,1.17,1.12,1.23,1.37,1.53,1.83,2.07,2.26,2.59,2.83
7/25/17,0.96,N/A,1.18,1.15,1.24,1.4,1.56,1.9,2.15,2.33,2.67,2.91
7/26/17,1.02,N/A,1.13,1.14,1.23,1.36,1.5,1.83,2.09,2.29,2.65,2.89
7/27/17,1.01,N/A,1.11,1.13,1.22,1.36,1.52,1.84,2.12,2.32,2.68,2.93
7/28/17,1,N/A,1.08,1.13,1.22,1.34,1.51,1.83,2.1,2.3,2.65,2.89
7/31/17,1,N/A,1.07,1.13,1.23,1.34,1.51,1.84,2.11,2.3,2.66,2.89
8/1/17,1,N/A,1.08,1.15,1.22,1.34,1.5,1.8,2.07,2.26,2.61,2.86
8/2/17,1.02,N/A,1.08,1.15,1.24,1.36,1.52,1.82,2.08,2.27,2.6,2.85
8/3/17,1,N/A,1.08,1.13,1.22,1.34,1.49,1.79,2.05,2.24,2.56,2.81
8/4/17,1,N/A,1.08,1.14,1.23,1.36,1.51,1.82,2.08,2.27,2.61,2.84
8/7/17,0.99,N/A,1.02,1.14,1.22,1.36,1.52,1.81,2.07,2.26,2.6,2.84
8/8/17,1,N/A,1.06,1.16,1.24,1.36,1.53,1.84,2.1,2.29,2.63,2.86
8/9/17,1.01,N/A,1.06,1.15,1.21,1.33,1.5,1.81,2.06,2.24,2.59,2.82
8/10/17,1.02,N/A,1.05,1.14,1.22,1.33,1.49,1.78,2.03,2.2,2.55,2.79
8/11/17,0.99,N/A,1.03,1.14,1.21,1.3,1.43,1.74,2,2.19,2.55,2.79
8/14/17,0.95,N/A,1.02,1.13,1.23,1.33,1.48,1.77,2.04,2.22,2.57,2.81
8/15/17,0.97,N/A,1.04,1.16,1.23,1.35,1.51,1.83,2.09,2.27,2.6,2.84
8/16/17,0.97,N/A,1.02,1.13,1.24,1.33,1.49,1.79,2.04,2.23,2.58,2.81
8/17/17,0.95,N/A,1,1.11,1.24,1.32,1.46,1.76,2.01,2.19,2.54,2.78
8/18/17,0.97,N/A,1.02,1.13,1.24,1.33,1.47,1.77,2.01,2.19,2.54,2.78
8/21/17,0.95,N/A,1,1.11,1.23,1.32,1.46,1.76,2,2.18,2.52,2.77
8/22/17,0.93,N/A,1,1.13,1.24,1.33,1.48,1.8,2.04,2.22,2.55,2.79
8/23/17,0.98,N/A,1,1.11,1.22,1.32,1.45,1.76,1.99,2.17,2.51,2.75
8/24/17,0.98,N/A,1.02,1.11,1.23,1.33,1.47,1.78,2.01,2.19,2.53,2.77
8/25/17,0.99,N/A,1.03,1.11,1.23,1.35,1.47,1.77,2,2.17,2.51,2.75
8/28/17,0.99,N/A,0.98,1.12,1.24,1.33,1.46,1.74,1.99,2.16,2.51,2.76
8/29/17,0.96,N/A,1.03,1.13,1.23,1.33,1.43,1.7,1.96,2.13,2.48,2.74
8/30/17,0.96,N/A,1.03,1.11,1.23,1.33,1.44,1.72,1.97,2.15,2.49,2.75
8/31/17,0.95,N/A,1.01,1.08,1.23,1.33,1.44,1.7,1.95,2.12,2.47,2.73
9/1/17,0.96,N/A,1.02,1.1,1.24,1.35,1.46,1.73,1.99,2.16,2.51,2.77
9/5/17,1.3,N/A,1.03,1.13,1.23,1.3,1.4,1.65,1.9,2.07,2.43,2.69
9/6/17,1.04,N/A,1.07,1.17,1.24,1.3,1.42,1.69,1.93,2.1,2.46,2.72
9/7/17,0.98,N/A,1.05,1.15,1.21,1.27,1.38,1.63,1.88,2.05,2.4,2.66
9/8/17,0.96,N/A,1.04,1.14,1.22,1.27,1.39,1.64,1.89,2.06,2.41,2.67
9/11/17,0.97,N/A,1.05,1.16,1.24,1.32,1.44,1.71,1.96,2.14,2.49,2.75
9/12/17,0.99,N/A,1.03,1.16,1.27,1.33,1.46,1.75,1.99,2.17,2.52,2.78
9/13/17,0.99,N/A,1.04,1.16,1.27,1.35,1.48,1.78,2.01,2.2,2.53,2.79
9/14/17,0.99,N/A,1.05,1.17,1.28,1.37,1.5,1.79,2.01,2.2,2.52,2.77
9/15/17,0.98,N/A,1.05,1.17,1.3,1.39,1.53,1.81,2.04,2.2,2.52,2.77
9/18/17,0.96,N/A,1.05,1.18,1.3,1.4,1.54,1.83,2.06,2.23,2.56,2.8
9/19/17,0.97,N/A,1.04,1.19,1.31,1.4,1.55,1.84,2.07,2.24,2.57,2.81
9/20/17,0.98,N/A,1.04,1.2,1.32,1.45,1.6,1.89,2.12,2.28,2.59,2.82
9/21/17,0.99,N/A,1.04,1.19,1.31,1.45,1.59,1.89,2.11,2.27,2.57,2.8
9/22/17,0.97,N/A,1.03,1.19,1.3,1.46,1.58,1.88,2.1,2.26,2.57,2.8
9/25/17,0.97,N/A,1.05,1.19,1.3,1.44,1.56,1.85,2.07,2.22,2.53,2.76
9/26/17,0.96,N/A,1.06,1.19,1.31,1.45,1.57,1.87,2.08,2.24,2.54,2.78
9/27/17,0.99,N/A,1.07,1.2,1.33,1.47,1.6,1.91,2.14,2.31,2.62,2.86
9/28/17,0.97,N/A,1.06,1.18,1.31,1.45,1.59,1.89,2.13,2.31,2.63,2.87
9/29/17,0.96,N/A,1.06,1.2,1.31,1.47,1.62,1.92,2.16,2.33,2.63,2.86
10/2/17,0.95,N/A,1.01,1.22,1.31,1.49,1.63,1.94,2.17,2.34,2.64,2.87
10/3/17,1.01,N/A,1.07,1.21,1.32,1.47,1.62,1.92,2.15,2.33,2.63,2.87
10/4/17,1,N/A,1.08,1.21,1.33,1.47,1.62,1.92,2.15,2.33,2.64,2.87
10/5/17,1.02,N/A,1.07,1.21,1.35,1.49,1.63,1.94,2.17,2.35,2.65,2.89
10/6/17,1.03,N/A,1.07,1.22,1.35,1.54,1.66,1.97,2.2,2.37,2.68,2.91
10/10/17,1.03,N/A,1.08,1.26,1.42,1.51,1.64,1.95,2.18,2.35,2.65,2.88
10/11/17,1.04,N/A,1.1,1.25,1.4,1.51,1.66,1.95,2.17,2.35,2.64,2.88
10/12/17,0.99,N/A,1.09,1.27,1.41,1.51,1.66,1.95,2.16,2.33,2.62,2.86
10/13/17,0.97,N/A,1.09,1.26,1.39,1.51,1.64,1.91,2.12,2.28,2.58,2.81
10/16/17,0.97,N/A,1.1,1.24,1.42,1.54,1.68,1.95,2.15,2.3,2.58,2.82
10/17/17,0.99,N/A,1.09,1.25,1.41,1.54,1.69,1.97,2.15,2.3,2.58,2.8
10/18/17,0.99,N/A,1.09,1.24,1.42,1.59,1.7,1.99,2.19,2.34,2.62,2.85
10/19/17,0.99,N/A,1.1,1.25,1.41,1.58,1.69,1.98,2.18,2.33,2.6,2.83
10/20/17,0.99,N/A,1.11,1.27,1.43,1.6,1.72,2.03,2.24,2.39,2.67,2.89
10/23/17,1,N/A,1.09,1.25,1.42,1.58,1.7,2.01,2.22,2.38,2.66,2.89
10/24/17,1,N/A,1.12,1.27,1.43,1.6,1.73,2.05,2.26,2.42,2.7,2.92
10/25/17,1.01,N/A,1.12,1.27,1.43,1.61,1.74,2.06,2.28,2.44,2.72,2.95
10/26/17,0.99,N/A,1.11,1.29,1.43,1.63,1.76,2.07,2.3,2.46,2.74,2.96
10/27/17,0.98,N/A,1.1,1.28,1.42,1.59,1.73,2.03,2.26,2.42,2.71,2.93
10/30/17,0.97,N/A,1.12,1.24,1.42,1.58,1.71,2,2.22,2.37,2.66,2.88
10/31/17,0.99,N/A,1.15,1.28,1.43,1.6,1.73,2.01,2.23,2.38,2.66,2.88
11/1/17,1.06,N/A,1.18,1.3,1.46,1.61,1.74,2.01,2.22,2.37,2.63,2.85
11/2/17,1.02,N/A,1.17,1.29,1.46,1.61,1.73,2,2.21,2.35,2.61,2.83
11/3/17,1.02,N/A,1.18,1.31,1.49,1.63,1.74,1.99,2.19,2.34,2.59,2.82
11/6/17,1.03,N/A,1.19,1.3,1.5,1.61,1.73,1.99,2.17,2.32,2.58,2.8
11/7/17,1.05,N/A,1.22,1.33,1.49,1.63,1.75,1.99,2.17,2.32,2.56,2.77
11/8/17,1.05,N/A,1.23,1.35,1.53,1.65,1.77,2.01,2.19,2.32,2.57,2.79
11/9/17,1.07,N/A,1.24,1.36,1.53,1.63,1.75,2.01,2.2,2.33,2.59,2.81
11/10/17,1.06,N/A,1.23,1.37,1.54,1.67,1.79,2.06,2.27,2.4,2.67,2.88
11/13/17,1.07,N/A,1.24,1.37,1.55,1.7,1.82,2.08,2.27,2.4,2.67,2.87
11/14/17,1.06,N/A,1.26,1.4,1.55,1.68,1.81,2.06,2.26,2.38,2.64,2.84
11/15/17,1.08,N/A,1.25,1.39,1.55,1.68,1.79,2.04,2.21,2.33,2.58,2.77
11/16/17,1.08,N/A,1.27,1.42,1.59,1.72,1.83,2.07,2.25,2.37,2.62,2.81
11/17/17,1.08,N/A,1.29,1.42,1.6,1.73,1.83,2.06,2.23,2.35,2.59,2.78
11/20/17,1.09,N/A,1.3,1.46,1.62,1.77,1.86,2.09,2.26,2.37,2.6,2.78
11/21/17,1.15,N/A,1.3,1.45,1.62,1.77,1.88,2.11,2.27,2.36,2.58,2.76
11/22/17,1.16,N/A,1.29,1.45,1.61,1.74,1.84,2.05,2.22,2.32,2.57,2.75
11/24/17,1.14,N/A,1.29,1.45,1.61,1.75,1.85,2.07,2.23,2.34,2.58,2.76
11/27/17,1.15,N/A,1.27,1.41,1.62,1.74,1.84,2.06,2.21,2.32,2.57,2.76
11/28/17,1.16,N/A,1.3,1.46,1.61,1.75,1.85,2.07,2.24,2.34,2.58,2.77
11/29/17,1.17,N/A,1.29,1.45,1.61,1.78,1.86,2.09,2.27,2.37,2.62,2.81
11/30/17,1.14,N/A,1.27,1.44,1.62,1.78,1.9,2.14,2.31,2.42,2.65,2.83
12/1/17,1.14,N/A,1.27,1.45,1.62,1.78,1.9,2.13,2.28,2.37,2.58,2.76
12/4/17,1.16,N/A,1.29,1.45,1.66,1.8,1.93,2.15,2.29,2.37,2.58,2.77
12/5/17,1.21,N/A,1.3,1.48,1.64,1.83,1.94,2.15,2.28,2.36,2.55,2.73
12/6/17,1.18,N/A,1.3,1.48,1.68,1.78,1.92,2.11,2.25,2.33,2.53,2.71
12/7/17,1.16,N/A,1.29,1.47,1.67,1.8,1.92,2.14,2.29,2.37,2.58,2.76
12/8/17,1.14,N/A,1.28,1.45,1.65,1.8,1.92,2.14,2.29,2.38,2.59,2.77
12/11/17,1.18,N/A,1.33,1.47,1.69,1.82,1.95,2.16,2.3,2.39,2.59,2.77
12/12/17,1.26,N/A,1.34,1.49,1.7,1.83,1.95,2.18,2.32,2.4,2.6,2.79
12/13/17,1.22,N/A,1.3,1.47,1.68,1.79,1.9,2.12,2.26,2.36,2.56,2.74
12/14/17,1.21,N/A,1.32,1.48,1.7,1.82,1.92,2.14,2.27,2.35,2.53,2.71
12/15/17,1.24,N/A,1.31,1.48,1.71,1.84,1.95,2.16,2.28,2.35,2.52,2.68
12/18/17,1.26,N/A,1.38,1.51,1.7,1.84,1.94,2.17,2.3,2.39,2.57,2.74
12/19/17,1.25,N/A,1.37,1.51,1.71,1.87,1.97,2.23,2.37,2.46,2.66,2.82
12/20/17,1.22,N/A,1.38,1.51,1.72,1.87,1.98,2.24,2.4,2.49,2.71,2.88
12/21/17,1.21,N/A,1.35,1.54,1.73,1.89,2.01,2.26,2.39,2.48,2.68,2.84
12/22/17,1.15,N/A,1.33,1.54,1.73,1.91,2.01,2.26,2.4,2.48,2.68,2.83
12/26/17,1.24,N/A,1.47,1.52,1.75,1.92,2.02,2.25,2.38,2.47,2.66,2.82
12/27/17,1.18,N/A,1.44,1.53,1.75,1.89,1.99,2.22,2.34,2.42,2.59,2.75
12/28/17,1.19,N/A,1.39,1.54,1.76,1.91,2,2.23,2.36,2.43,2.6,2.75
12/29/17,1.28,N/A,1.39,1.53,1.76,1.89,1.98,2.2,2.33,2.4,2.58,2.74
1/2/18,1.29,N/A,1.44,1.61,1.83,1.92,2.01,2.25,2.38,2.46,2.64,2.81
1/3/18,1.29,N/A,1.41,1.59,1.81,1.94,2.02,2.25,2.37,2.44,2.62,2.78
1/4/18,1.28,N/A,1.41,1.6,1.82,1.96,2.05,2.27,2.38,2.46,2.62,2.79
1/5/18,1.27,N/A,1.39,1.58,1.8,1.96,2.06,2.29,2.4,2.47,2.64,2.81
1/8/18,1.3,N/A,1.45,1.6,1.79,1.96,2.07,2.29,2.41,2.49,2.65,2.81
1/9/18,1.27,N/A,1.44,1.6,1.78,1.98,2.09,2.33,2.46,2.55,2.72,2.88
1/10/18,1.31,N/A,1.42,1.59,1.78,1.98,2.08,2.32,2.47,2.55,2.73,2.88
1/11/18,1.32,N/A,1.43,1.58,1.77,1.98,2.09,2.32,2.46,2.54,2.72,2.91
1/12/18,1.31,N/A,1.43,1.59,1.78,1.99,2.12,2.35,2.48,2.55,2.71,2.85
1/16/18,1.33,N/A,1.45,1.63,1.79,2.03,2.12,2.36,2.48,2.54,2.69,2.83
1/17/18,1.31,N/A,1.44,1.63,1.79,2.05,2.15,2.39,2.51,2.57,2.71,2.84
1/18/18,1.29,N/A,1.45,1.63,1.79,2.05,2.17,2.43,2.55,2.62,2.77,2.9
1/19/18,1.28,N/A,1.44,1.62,1.79,2.06,2.2,2.45,2.57,2.64,2.78,2.91
1/22/18,1.27,N/A,1.44,1.65,1.79,2.08,2.21,2.46,2.59,2.66,2.79,2.93
1/23/18,1.26,N/A,1.44,1.63,1.78,2.06,2.18,2.43,2.55,2.63,2.77,2.9
1/24/18,1.25,N/A,1.43,1.63,1.79,2.08,2.2,2.43,2.57,2.65,2.8,2.93
1/25/18,1.23,N/A,1.42,1.64,1.8,2.08,2.2,2.41,2.55,2.63,2.76,2.89
1/26/18,1.24,N/A,1.41,1.64,1.8,2.13,2.24,2.47,2.6,2.66,2.79,2.91
1/29/18,1.28,N/A,1.44,1.66,1.8,2.11,2.26,2.49,2.63,2.7,2.82,2.94
1/30/18,1.49,N/A,1.44,1.66,1.88,2.13,2.27,2.51,2.65,2.73,2.86,2.98
1/31/18,1.43,N/A,1.46,1.66,1.9,2.14,2.29,2.52,2.66,2.72,2.83,2.95
2/1/18,1.41,N/A,1.48,1.64,1.89,2.16,2.33,2.56,2.72,2.78,2.9,3.01
2/2/18,1.4,N/A,1.48,1.65,1.88,2.15,2.33,2.58,2.76,2.84,2.97,3.08
2/5/18,1.4,N/A,1.51,1.67,1.85,2.08,2.25,2.5,2.68,2.77,2.92,3.04
2/6/18,1.48,N/A,1.52,1.69,1.87,2.1,2.3,2.52,2.7,2.79,2.94,3.06
2/7/18,1.36,N/A,1.55,1.73,1.91,2.15,2.33,2.57,2.75,2.84,3.01,3.12
2/8/18,1.32,N/A,1.55,1.73,1.91,2.13,2.32,2.57,2.76,2.85,3.03,3.14
2/9/18,1.31,N/A,1.55,1.73,1.89,2.05,2.26,2.52,2.72,2.83,3.02,3.14
2/12/18,1.35,N/A,1.62,1.82,1.93,2.09,2.3,2.56,2.77,2.86,3.02,3.14
2/13/18,1.34,N/A,1.59,1.8,1.95,2.1,2.3,2.54,2.74,2.83,2.99,3.11
2/14/18,1.32,N/A,1.58,1.81,1.98,2.17,2.4,2.65,2.84,2.91,3.07,3.18
2/15/18,1.3,N/A,1.58,1.82,1.99,2.19,2.4,2.65,2.83,2.9,3.04,3.15
2/16/18,1.35,N/A,1.62,1.83,2,2.21,2.38,2.63,2.81,2.87,3.02,3.13
2/20/18,1.39,N/A,1.66,1.87,2.01,2.25,2.4,2.65,2.81,2.88,3.04,3.15
2/21/18,1.4,N/A,1.64,1.85,2.03,2.26,2.44,2.69,2.86,2.94,3.11,3.22
2/22/18,1.34,N/A,1.63,1.84,2.02,2.25,2.42,2.66,2.84,2.92,3.09,3.21
2/23/18,1.38,N/A,1.64,1.85,2.02,2.25,2.39,2.62,2.79,2.88,3.04,3.16
2/26/18,1.39,N/A,1.66,1.87,2.03,2.22,2.37,2.6,2.77,2.86,3.03,3.15
2/27/18,1.49,N/A,1.66,1.87,2.08,2.27,2.43,2.67,2.83,2.9,3.06,3.17
2/28/18,1.5,N/A,1.65,1.86,2.07,2.25,2.42,2.65,2.8,2.87,3.02,3.13
3/1/18,1.5,N/A,1.63,1.85,2.05,2.22,2.36,2.58,2.74,2.81,2.97,3.09
3/2/18,1.5,N/A,1.65,1.86,2.06,2.25,2.4,2.63,2.79,2.86,3.02,3.14
3/5/18,1.53,N/A,1.7,1.86,2.06,2.24,2.41,2.65,2.81,2.88,3.04,3.16
3/6/18,1.56,N/A,1.68,1.87,2.06,2.25,2.42,2.65,2.81,2.88,3.03,3.14
3/7/18,1.57,N/A,1.68,1.87,2.05,2.25,2.42,2.65,2.81,2.89,3.04,3.15
3/8/18,1.57,N/A,1.67,1.89,2.05,2.25,2.42,2.63,2.79,2.86,3.01,3.13
3/9/18,1.57,N/A,1.67,1.89,2.03,2.27,2.45,2.65,2.82,2.9,3.04,3.16
3/12/18,1.6,N/A,1.71,1.89,2.05,2.27,2.43,2.64,2.79,2.87,3,3.13
3/13/18,1.64,N/A,1.73,1.9,2.03,2.26,2.41,2.62,2.77,2.84,2.98,3.1
3/14/18,1.71,N/A,1.76,1.94,2.05,2.26,2.41,2.61,2.75,2.81,2.94,3.05
3/15/18,1.7,N/A,1.77,1.95,2.07,2.29,2.42,2.62,2.76,2.82,2.94,3.05
3/16/18,1.71,N/A,1.78,1.96,2.08,2.31,2.44,2.65,2.78,2.85,2.96,3.08
3/19/18,1.7,N/A,1.8,1.99,2.08,2.31,2.45,2.65,2.78,2.85,2.97,3.09
3/20/18,1.76,N/A,1.81,1.97,2.08,2.34,2.49,2.69,2.82,2.89,3.01,3.12
3/21/18,1.71,N/A,1.74,1.95,2.06,2.31,2.46,2.69,2.82,2.89,3.01,3.12
3/22/18,1.67,N/A,1.72,1.95,2.05,2.29,2.43,2.63,2.76,2.83,2.94,3.06
3/23/18,1.69,N/A,1.74,1.92,2.04,2.28,2.41,2.61,2.74,2.82,2.94,3.06
3/26/18,1.71,N/A,1.79,1.94,2.06,2.33,2.44,2.64,2.78,2.85,2.96,3.08
3/27/18,1.69,N/A,1.77,1.93,2.1,2.26,2.39,2.58,2.7,2.78,2.9,3.03
3/28/18,1.65,N/A,1.73,1.95,2.12,2.28,2.41,2.59,2.72,2.77,2.89,3.01
3/29/18,1.63,N/A,1.73,1.93,2.09,2.27,2.39,2.56,2.68,2.74,2.85,2.97
4/2/18,1.68,N/A,1.77,1.92,2.08,2.25,2.37,2.55,2.67,2.73,2.85,2.97
4/3/18,1.7,N/A,1.75,1.92,2.09,2.28,2.41,2.6,2.73,2.79,2.9,3.02
4/4/18,1.67,N/A,1.71,1.9,2.07,2.28,2.42,2.61,2.73,2.79,2.91,3.03
4/5/18,1.67,N/A,1.72,1.93,2.07,2.3,2.45,2.64,2.76,2.83,2.95,3.07
4/6/18,1.68,N/A,1.73,1.91,2.06,2.27,2.4,2.58,2.7,2.77,2.89,3.01
4/9/18,1.67,N/A,1.76,1.93,2.08,2.29,2.43,2.6,2.72,2.78,2.89,3.02
4/10/18,1.63,N/A,1.74,1.93,2.09,2.32,2.45,2.62,2.74,2.8,2.89,3.02
4/11/18,1.64,N/A,1.73,1.95,2.09,2.32,2.45,2.62,2.72,2.79,2.87,2.99
4/12/18,1.65,N/A,1.75,1.95,2.11,2.34,2.49,2.67,2.78,2.83,2.92,3.05
4/13/18,1.64,N/A,1.76,1.97,2.12,2.37,2.51,2.67,2.77,2.82,2.91,3.03
4/16/18,1.64,N/A,1.79,1.98,2.12,2.39,2.52,2.69,2.78,2.83,2.91,3.03
4/17/18,1.68,N/A,1.8,2.02,2.16,2.41,2.52,2.68,2.77,2.82,2.89,3
4/18/18,1.67,N/A,1.81,2.01,2.17,2.42,2.57,2.73,2.83,2.87,2.95,3.06
4/19/18,1.67,N/A,1.82,2.01,2.21,2.44,2.58,2.77,2.87,2.92,3.01,3.11
4/20/18,1.65,N/A,1.81,2.01,2.22,2.46,2.62,2.8,2.91,2.96,3.04,3.14
4/23/18,1.69,N/A,1.87,2.04,2.25,2.49,2.64,2.83,2.94,2.98,3.05,3.15
4/24/18,1.7,N/A,1.87,2.05,2.25,2.48,2.63,2.83,2.95,3,3.08,3.18
4/25/18,1.65,N/A,1.85,2.03,2.26,2.49,2.64,2.84,2.97,3.03,3.12,3.21
4/26/18,1.62,N/A,1.82,2.02,2.25,2.49,2.63,2.82,2.95,3,3.08,3.18
4/27/18,1.62,N/A,1.82,2.02,2.24,2.49,2.62,2.8,2.92,2.96,3.03,3.13
4/30/18,1.65,N/A,1.87,2.04,2.24,2.49,2.62,2.79,2.91,2.95,3.01,3.11
5/1/18,1.68,N/A,1.85,2.05,2.26,2.5,2.66,2.82,2.93,2.97,3.03,3.13
5/2/18,1.69,N/A,1.84,2.03,2.24,2.49,2.64,2.8,2.92,2.97,3.04,3.14
5/3/18,1.68,N/A,1.84,2.02,2.24,2.49,2.62,2.78,2.9,2.94,3.02,3.12
5/4/18,1.67,N/A,1.84,2.03,2.24,2.51,2.63,2.78,2.9,2.95,3.02,3.12
5/7/18,1.69,N/A,1.86,2.05,2.25,2.49,2.64,2.78,2.9,2.95,3.02,3.12
5/8/18,1.69,N/A,1.87,2.05,2.26,2.51,2.66,2.81,2.93,2.97,3.04,3.13
5/9/18,1.68,N/A,1.88,2.05,2.27,2.54,2.68,2.84,2.96,3,3.07,3.16
5/10/18,1.69,N/A,1.9,2.05,2.27,2.54,2.69,2.83,2.94,2.97,3.04,3.12
5/11/18,1.68,N/A,1.92,2.06,2.28,2.54,2.69,2.84,2.94,2.97,3.03,3.1
5/14/18,1.7,N/A,1.93,2.09,2.28,2.55,2.7,2.85,2.96,3,3.06,3.13
5/15/18,1.69,N/A,1.92,2.09,2.31,2.58,2.75,2.92,3.04,3.08,3.14,3.2
5/16/18,1.69,N/A,1.92,2.09,2.32,2.58,2.76,2.94,3.05,3.09,3.16,3.21
5/17/18,1.7,N/A,1.92,2.1,2.32,2.57,2.75,2.94,3.07,3.11,3.19,3.25
5/18/18,1.68,N/A,1.91,2.09,2.32,2.55,2.71,2.9,3.02,3.06,3.14,3.2
5/21/18,1.71,N/A,1.93,2.14,2.35,2.58,2.73,2.9,3.02,3.06,3.13,3.2
5/22/18,1.73,N/A,1.93,2.13,2.34,2.59,2.73,2.9,3.02,3.06,3.14,3.21
5/23/18,1.76,N/A,1.92,2.11,2.29,2.53,2.67,2.83,2.95,3.01,3.09,3.17
5/24/18,1.74,N/A,1.91,2.09,2.28,2.5,2.65,2.82,2.93,2.98,3.06,3.13
5/25/18,1.7,N/A,1.9,2.07,2.27,2.48,2.6,2.76,2.88,2.93,3.01,3.09
5/29/18,1.77,N/A,1.93,2.06,2.17,2.32,2.43,2.58,2.71,2.77,2.87,2.96
5/30/18,1.77,N/A,1.94,2.08,2.23,2.42,2.53,2.67,2.79,2.84,2.93,3.01
5/31/18,1.76,N/A,1.93,2.08,2.23,2.4,2.54,2.68,2.78,2.83,2.91,3
6/1/18,1.74,N/A,1.92,2.1,2.28,2.47,2.61,2.74,2.85,2.89,2.96,3.04
6/4/18,1.77,N/A,1.94,2.13,2.3,2.52,2.64,2.78,2.89,2.94,3,3.08
6/5/18,1.82,N/A,1.94,2.13,2.32,2.49,2.62,2.76,2.87,2.92,2.99,3.07
6/6/18,1.81,N/A,1.95,2.13,2.32,2.52,2.65,2.81,2.93,2.97,3.05,3.13
6/7/18,1.78,N/A,1.94,2.12,2.31,2.5,2.63,2.77,2.88,2.93,3,3.08
6/8/18,1.78,N/A,1.93,2.12,2.3,2.5,2.63,2.77,2.88,2.93,3,3.08
6/11/18,1.82,N/A,1.94,2.11,2.32,2.52,2.66,2.8,2.91,2.96,3.02,3.1
6/12/18,1.81,N/A,1.92,2.1,2.31,2.54,2.67,2.81,2.91,2.96,3.02,3.09
6/13/18,1.82,N/A,1.94,2.09,2.35,2.59,2.71,2.85,2.95,2.98,3.04,3.1
6/14/18,1.81,N/A,1.94,2.07,2.35,2.59,2.69,2.81,2.9,2.94,2.99,3.05
6/15/18,1.82,N/A,1.94,2.07,2.35,2.55,2.68,2.81,2.89,2.93,2.98,3.05
6/18/18,1.84,N/A,1.94,2.13,2.35,2.56,2.67,2.8,2.89,2.92,2.98,3.05
6/19/18,1.85,N/A,1.94,2.13,2.34,2.54,2.64,2.77,2.84,2.89,2.95,3.02
6/20/18,1.85,N/A,1.94,2.14,2.36,2.56,2.67,2.8,2.89,2.93,2.99,3.06
6/21/18,1.85,N/A,1.94,2.12,2.34,2.56,2.65,2.77,2.86,2.9,2.97,3.04
6/22/18,1.83,N/A,1.93,2.11,2.33,2.56,2.65,2.77,2.86,2.9,2.97,3.04
6/25/18,1.8,N/A,1.93,2.13,2.34,2.54,2.63,2.75,2.83,2.87,2.95,3.02
6/26/18,1.79,N/A,1.93,2.14,2.33,2.53,2.63,2.75,2.84,2.88,2.95,3.03
6/27/18,1.79,N/A,1.93,2.1,2.33,2.52,2.59,2.71,2.79,2.83,2.9,2.97
6/28/18,1.76,N/A,1.93,2.11,2.33,2.52,2.6,2.73,2.81,2.84,2.91,2.97
6/29/18,1.77,N/A,1.93,2.11,2.33,2.52,2.63,2.73,2.81,2.85,2.91,2.98
7/2/18,1.9,N/A,1.98,2.14,2.34,2.57,2.65,2.75,2.83,2.87,2.92,2.99
7/3/18,1.91,N/A,1.98,2.12,2.33,2.53,2.63,2.72,2.79,2.83,2.89,2.96
7/5/18,1.87,N/A,1.96,2.11,2.32,2.55,2.65,2.74,2.8,2.84,2.88,2.95
7/6/18,1.86,N/A,1.97,2.13,2.34,2.53,2.64,2.71,2.78,2.82,2.87,2.94
7/9/18,1.87,N/A,1.98,2.15,2.34,2.57,2.66,2.75,2.82,2.86,2.9,2.96
7/10/18,1.88,N/A,1.99,2.15,2.36,2.59,2.69,2.77,2.83,2.87,2.91,2.97
7/11/18,1.89,N/A,1.97,2.14,2.36,2.58,2.67,2.74,2.82,2.85,2.89,2.95
7/12/18,1.89,N/A,1.98,2.17,2.39,2.6,2.68,2.75,2.83,2.85,2.89,2.95
7/13/18,1.87,N/A,1.98,2.16,2.37,2.59,2.66,2.73,2.8,2.83,2.87,2.94
7/16/18,1.9,N/A,2.01,2.19,2.39,2.59,2.67,2.75,2.82,2.85,2.9,2.96
7/17/18,1.93,N/A,2.02,2.19,2.39,2.62,2.69,2.76,2.83,2.86,2.91,2.97
7/18/18,1.9,N/A,2,2.17,2.43,2.6,2.69,2.77,2.84,2.88,2.93,2.99
7/19/18,1.89,N/A,2,2.16,2.4,2.6,2.67,2.74,2.81,2.84,2.9,2.96
7/20/18,1.86,N/A,1.99,2.16,2.41,2.6,2.68,2.77,2.85,2.89,2.96,3.03
7/23/18,1.88,N/A,1.99,2.19,2.42,2.64,2.72,2.83,2.92,2.96,3.04,3.1
7/24/18,1.92,N/A,2.02,2.19,2.42,2.63,2.74,2.83,2.91,2.95,3.02,3.08
7/25/18,1.9,N/A,2.01,2.2,2.42,2.66,2.74,2.82,2.9,2.94,3,3.06
7/26/18,1.89,N/A,1.99,2.19,2.41,2.69,2.78,2.86,2.95,2.98,3.05,3.1
7/27/18,1.9,N/A,2,2.2,2.43,2.67,2.76,2.84,2.92,2.96,3.03,3.09
7/30/18,1.91,N/A,2.04,2.21,2.43,2.66,2.77,2.85,2.94,2.98,3.05,3.11
7/31/18,1.94,N/A,2.03,2.21,2.44,2.67,2.77,2.85,2.92,2.96,3.03,3.08
8/1/18,1.93,N/A,2.03,2.22,2.45,2.67,2.78,2.87,2.96,3,3.07,3.13
8/2/18,1.89,N/A,2.02,2.22,2.45,2.66,2.76,2.85,2.93,2.98,3.06,3.12
8/3/18,1.9,N/A,2.01,2.23,2.43,2.63,2.74,2.82,2.91,2.95,3.03,3.09
8/6/18,1.92,N/A,2.05,2.23,2.44,2.64,2.73,2.8,2.89,2.94,3.02,3.08
8/7/18,1.96,N/A,2.06,2.23,2.45,2.68,2.76,2.84,2.92,2.98,3.06,3.12
8/8/18,1.93,N/A,2.06,2.24,2.44,2.68,2.77,2.83,2.92,2.96,3.05,3.12
8/9/18,1.91,N/A,2.06,2.25,2.44,2.64,2.74,2.8,2.89,2.93,3.01,3.08
8/10/18,1.92,N/A,2.05,2.23,2.42,2.61,2.68,2.75,2.82,2.87,2.96,3.03
8/13/18,1.93,N/A,2.06,2.22,2.42,2.61,2.68,2.75,2.82,2.88,2.97,3.05
8/14/18,1.96,N/A,2.08,2.25,2.44,2.63,2.71,2.77,2.84,2.89,2.98,3.06
8/15/18,1.96,N/A,2.07,2.23,2.45,2.61,2.68,2.73,2.81,2.86,2.95,3.03
8/16/18,1.96,N/A,2.07,2.24,2.45,2.63,2.7,2.75,2.82,2.87,2.95,3.03
8/17/18,1.95,N/A,2.05,2.24,2.44,2.61,2.68,2.75,2.82,2.87,2.95,3.03
8/20/18,1.93,N/A,2.06,2.25,2.43,2.6,2.65,2.7,2.77,2.82,2.91,2.99
8/21/18,1.94,N/A,2.08,2.25,2.45,2.61,2.67,2.73,2.8,2.85,2.93,3
8/22/18,1.95,N/A,2.09,2.24,2.43,2.6,2.65,2.7,2.77,2.82,2.91,2.99
8/23/18,1.94,N/A,2.08,2.23,2.43,2.61,2.66,2.72,2.78,2.82,2.9,2.97
8/24/18,1.95,N/A,2.09,2.25,2.44,2.63,2.68,2.72,2.78,2.82,2.89,2.97
8/27/18,1.96,N/A,2.12,2.25,2.47,2.67,2.7,2.74,2.81,2.85,2.92,3
8/28/18,1.96,N/A,2.13,2.28,2.47,2.67,2.73,2.77,2.84,2.88,2.96,3.03
8/29/18,1.97,N/A,2.13,2.28,2.48,2.67,2.75,2.78,2.85,2.89,2.96,3.02
8/30/18,1.97,N/A,2.11,2.28,2.47,2.64,2.72,2.75,2.82,2.86,2.93,3
8/31/18,1.95,N/A,2.11,2.28,2.46,2.62,2.7,2.74,2.81,2.86,2.95,3.02
9/4/18,2,N/A,2.13,2.29,2.49,2.66,2.73,2.78,2.85,2.9,2.99,3.07
9/5/18,2,N/A,2.14,2.3,2.49,2.66,2.72,2.77,2.85,2.9,3,3.08
9/6/18,1.98,N/A,2.13,2.3,2.5,2.64,2.71,2.76,2.83,2.88,2.98,3.06
9/7/18,1.98,N/A,2.14,2.3,2.53,2.71,2.78,2.82,2.89,2.94,3.03,3.11
9/10/18,1.98,N/A,2.14,2.32,2.54,2.73,2.78,2.83,2.89,2.94,3.02,3.09
9/11/18,2.02,N/A,2.15,2.31,2.55,2.76,2.83,2.87,2.94,2.98,3.06,3.13
9/12/18,2.01,N/A,2.16,2.33,2.56,2.74,2.82,2.87,2.93,2.97,3.04,3.11
9/13/18,2.01,N/A,2.15,2.33,2.55,2.76,2.83,2.87,2.93,2.97,3.04,3.11
9/14/18,2.02,N/A,2.16,2.33,2.56,2.78,2.85,2.9,2.96,2.99,3.07,3.13
9/17/18,2.02,N/A,2.16,2.35,2.57,2.78,2.85,2.89,2.96,2.99,3.07,3.13
9/18/18,2.05,N/A,2.17,2.36,2.58,2.81,2.88,2.94,3.01,3.05,3.14,3.2
9/19/18,2.03,N/A,2.16,2.36,2.58,2.81,2.89,2.96,3.04,3.08,3.16,3.23
9/20/18,2.03,N/A,2.17,2.37,2.58,2.81,2.89,2.96,3.03,3.07,3.15,3.21
9/21/18,2.05,N/A,2.18,2.38,2.58,2.81,2.89,2.95,3.03,3.07,3.14,3.2
9/24/18,2.07,N/A,2.22,2.38,2.6,2.83,2.89,2.96,3.04,3.08,3.15,3.21
9/25/18,2.12,N/A,2.21,2.38,2.59,2.83,2.91,2.99,3.06,3.1,3.17,3.23
9/26/18,2.11,N/A,2.2,2.37,2.58,2.83,2.89,2.96,3.02,3.06,3.14,3.19
9/27/18,2.1,N/A,2.18,2.37,2.58,2.83,2.89,2.96,3.02,3.06,3.13,3.19
9/28/18,2.12,N/A,2.19,2.36,2.59,2.81,2.88,2.94,3.01,3.05,3.13,3.19
10/1/18,2.13,N/A,2.23,2.4,2.6,2.82,2.9,2.96,3.04,3.09,3.18,3.24
10/2/18,2.14,N/A,2.23,2.41,2.61,2.82,2.88,2.94,3.01,3.05,3.14,3.2
10/3/18,2.15,N/A,2.23,2.41,2.62,2.85,2.94,3.02,3.1,3.15,3.24,3.3
10/4/18,2.16,N/A,2.22,2.42,2.63,2.87,2.97,3.05,3.14,3.19,3.29,3.35
10/5/18,2.15,N/A,2.23,2.41,2.64,2.88,2.99,3.07,3.18,3.23,3.34,3.4
10/9/18,2.17,N/A,2.25,2.46,2.65,2.88,2.98,3.05,3.15,3.21,3.3,3.37
10/10/18,2.18,N/A,2.27,2.45,2.67,2.88,2.97,3.05,3.15,3.22,3.33,3.39
10/11/18,2.14,N/A,2.27,2.44,2.66,2.85,2.94,3,3.09,3.14,3.25,3.32
10/12/18,2.14,N/A,2.28,2.44,2.66,2.85,2.93,3,3.09,3.15,3.25,3.32
10/15/18,2.17,N/A,2.31,2.47,2.67,2.85,2.94,3.01,3.1,3.16,3.27,3.34
10/16/18,2.19,2.22,2.3,2.46,2.66,2.87,2.95,3.02,3.1,3.16,3.26,3.32
10/17/18,2.2,2.23,2.31,2.47,2.66,2.89,2.97,3.04,3.13,3.19,3.29,3.35
10/18/18,2.19,2.23,2.32,2.47,2.67,2.87,2.95,3.03,3.11,3.17,3.28,3.36
10/19/18,2.19,2.23,2.31,2.48,2.67,2.92,2.99,3.05,3.14,3.2,3.31,3.38
10/22/18,2.18,2.25,2.34,2.49,2.68,2.92,2.99,3.05,3.13,3.2,3.31,3.38
10/23/18,2.21,2.23,2.33,2.48,2.67,2.89,2.95,3.01,3.1,3.17,3.29,3.37
10/24/18,2.2,2.23,2.34,2.47,2.64,2.84,2.89,2.94,3.02,3.1,3.24,3.33
10/25/18,2.19,2.24,2.34,2.47,2.66,2.86,2.92,2.98,3.07,3.14,3.27,3.35
10/26/18,2.16,2.21,2.33,2.47,2.63,2.81,2.85,2.91,3,3.08,3.23,3.32
10/29/18,2.17,2.21,2.34,2.49,2.64,2.81,2.86,2.91,3,3.08,3.23,3.33
10/30/18,2.21,2.26,2.33,2.48,2.66,2.84,2.9,2.94,3.03,3.12,3.26,3.36
10/31/18,2.2,2.26,2.34,2.49,2.69,2.87,2.93,2.98,3.07,3.15,3.3,3.39
11/1/18,2.21,2.28,2.32,2.49,2.67,2.84,2.91,2.96,3.06,3.14,3.29,3.38
11/2/18,2.19,2.28,2.33,2.5,2.7,2.91,2.98,3.04,3.13,3.22,3.37,3.46
11/5/18,2.2,2.29,2.36,2.51,2.71,2.91,2.99,3.03,3.12,3.2,3.34,3.43
11/6/18,2.23,2.29,2.35,2.52,2.72,2.93,3.01,3.05,3.14,3.22,3.35,3.43
11/7/18,2.23,2.29,2.37,2.51,2.74,2.96,3.03,3.07,3.15,3.22,3.35,3.43
11/8/18,2.21,2.29,2.35,2.52,2.74,2.98,3.05,3.09,3.17,3.24,3.36,3.43
11/9/18,2.21,2.3,2.36,2.52,2.73,2.94,3.01,3.05,3.13,3.19,3.32,3.4
11/13/18,2.24,2.32,2.38,2.53,2.72,2.89,2.95,2.99,3.07,3.14,3.28,3.36
11/14/18,2.24,2.33,2.38,2.52,2.71,2.86,2.92,2.95,3.04,3.12,3.26,3.35
11/15/18,2.2,2.32,2.37,2.51,2.7,2.86,2.91,2.94,3.02,3.11,3.27,3.36
11/16/18,2.21,2.31,2.36,2.5,2.68,2.81,2.85,2.9,2.99,3.08,3.23,3.33
11/19/18,2.23,2.32,2.38,2.52,2.66,2.79,2.82,2.87,2.97,3.06,3.22,3.32
11/20/18,2.23,2.35,2.39,2.51,2.67,2.79,2.83,2.88,2.97,3.06,3.22,3.31
11/21/18,2.25,2.34,2.41,2.52,2.67,2.81,2.84,2.89,2.98,3.06,3.22,3.31
11/23/18,2.25,2.35,2.41,2.52,2.67,2.81,2.83,2.88,2.97,3.05,3.21,3.31
11/26/18,2.24,2.35,2.41,2.54,2.7,2.84,2.86,2.9,2.98,3.07,3.22,3.32
11/27/18,2.31,2.37,2.41,2.53,2.7,2.83,2.86,2.89,2.98,3.06,3.22,3.32
11/28/18,2.31,2.37,2.4,2.53,2.69,2.81,2.84,2.87,2.97,3.06,3.23,3.34
11/29/18,2.31,2.34,2.37,2.52,2.69,2.81,2.83,2.85,2.94,3.03,3.21,3.33
11/30/18,2.31,2.33,2.37,2.52,2.7,2.8,2.83,2.84,2.92,3.01,3.19,3.3
12/3/18,2.3,2.35,2.38,2.56,2.72,2.83,2.84,2.83,2.9,2.98,3.15,3.27
12/4/18,2.37,2.42,2.42,2.58,2.71,2.8,2.81,2.79,2.84,2.91,3.05,3.16
12/6/18,2.36,2.42,2.41,2.56,2.7,2.75,2.76,2.75,2.8,2.87,3.01,3.14
12/7/18,2.32,2.4,2.4,2.54,2.68,2.72,2.72,2.7,2.77,2.85,3.01,3.14
12/10/18,2.32,2.39,2.41,2.54,2.69,2.72,2.73,2.71,2.77,2.85,3,3.13
12/11/18,2.28,2.36,2.41,2.55,2.7,2.78,2.78,2.75,2.81,2.89,3.02,3.13
12/12/18,2.3,2.38,2.43,2.56,2.7,2.77,2.78,2.77,2.84,2.91,3.04,3.15
12/13/18,2.36,2.4,2.43,2.56,2.69,2.75,2.76,2.75,2.83,2.91,3.05,3.16
12/14/18,2.36,2.41,2.42,2.56,2.68,2.73,2.72,2.73,2.81,2.89,3.03,3.14
12/17/18,2.36,2.39,2.4,2.54,2.66,2.7,2.68,2.69,2.77,2.86,3,3.11
12/18/18,2.35,2.39,2.39,2.53,2.64,2.65,2.64,2.65,2.74,2.82,2.96,3.07
12/19/18,2.35,2.39,2.4,2.54,2.62,2.63,2.61,2.62,2.69,2.77,2.89,3
12/20/18,2.42,2.42,2.39,2.55,2.64,2.67,2.65,2.65,2.72,2.79,2.92,3.02
12/21/18,2.41,2.42,2.39,2.54,2.62,2.63,2.61,2.64,2.72,2.79,2.92,3.03
12/24/18,2.42,2.43,2.45,2.52,2.61,2.55,2.56,2.58,2.66,2.74,2.88,3
12/26/18,2.41,2.43,2.44,2.54,2.61,2.61,2.6,2.67,2.74,2.81,2.94,3.06
12/27/18,2.43,2.46,2.41,2.49,2.58,2.56,2.55,2.6,2.68,2.77,2.92,3.05
12/28/18,2.39,2.47,2.4,2.48,2.57,2.52,2.5,2.56,2.63,2.72,2.89,3.04
12/31/18,2.44,2.45,2.45,2.56,2.63,2.48,2.46,2.51,2.59,2.69,2.87,3.02
1/2/19,2.4,2.4,2.42,2.51,2.6,2.5,2.47,2.49,2.56,2.66,2.83,2.97
1/3/19,2.42,2.42,2.41,2.47,2.5,2.39,2.35,2.37,2.44,2.56,2.75,2.92
1/4/19,2.4,2.42,2.42,2.51,2.57,2.5,2.47,2.49,2.56,2.67,2.83,2.98
1/7/19,2.42,2.42,2.45,2.54,2.58,2.53,2.51,2.53,2.6,2.7,2.86,2.99
1/8/19,2.4,2.42,2.46,2.54,2.6,2.58,2.57,2.58,2.63,2.73,2.88,3
1/9/19,2.4,2.42,2.45,2.52,2.59,2.56,2.54,2.57,2.64,2.74,2.9,3.03
1/10/19,2.42,2.42,2.43,2.51,2.59,2.56,2.54,2.56,2.63,2.74,2.92,3.06
1/11/19,2.41,2.43,2.43,2.5,2.58,2.55,2.51,2.52,2.6,2.71,2.9,3.04
1/14/19,2.42,2.43,2.45,2.52,2.57,2.53,2.51,2.53,2.6,2.71,2.91,3.06
1/15/19,2.41,2.43,2.45,2.52,2.57,2.53,2.51,2.53,2.61,2.72,2.92,3.08
1/16/19,2.41,2.4,2.43,2.49,2.57,2.55,2.53,2.54,2.62,2.73,2.92,3.07
1/17/19,2.41,2.41,2.42,2.5,2.57,2.56,2.55,2.58,2.66,2.75,2.93,3.07
1/18/19,2.4,2.4,2.41,2.5,2.6,2.62,2.6,2.62,2.7,2.79,2.95,3.09
1/22/19,2.38,2.4,2.43,2.51,2.59,2.58,2.55,2.57,2.65,2.74,2.91,3.06
1/23/19,2.37,2.38,2.41,2.51,2.59,2.58,2.57,2.59,2.66,2.76,2.93,3.07
1/24/19,2.38,2.41,2.37,2.5,2.58,2.56,2.54,2.55,2.62,2.72,2.89,3.04
1/25/19,2.36,2.41,2.39,2.51,2.6,2.6,2.58,2.59,2.66,2.76,2.92,3.06
1/28/19,2.39,2.41,2.42,2.51,2.6,2.6,2.58,2.58,2.65,2.75,2.92,3.06
1/29/19,2.39,2.41,2.42,2.51,2.6,2.56,2.54,2.55,2.61,2.72,2.9,3.04
1/30/19,2.4,2.39,2.42,2.5,2.57,2.52,2.49,2.49,2.58,2.7,2.9,3.06
1/31/19,2.42,2.43,2.41,2.46,2.55,2.45,2.43,2.43,2.51,2.63,2.83,2.99
2/1/19,2.41,2.42,2.4,2.46,2.56,2.52,2.5,2.51,2.59,2.7,2.88,3.03
2/4/19,2.41,2.41,2.42,2.49,2.57,2.53,2.52,2.53,2.62,2.73,2.92,3.06
2/5/19,2.39,2.4,2.42,2.5,2.56,2.53,2.5,2.51,2.6,2.71,2.89,3.03
2/6/19,2.4,2.41,2.42,2.5,2.56,2.52,2.5,2.5,2.59,2.7,2.88,3.03
2/7/19,2.43,2.43,2.42,2.49,2.55,2.48,2.46,2.46,2.54,2.65,2.85,3
2/8/19,2.43,2.43,2.43,2.49,2.54,2.45,2.43,2.44,2.53,2.63,2.82,2.97
2/11/19,2.44,2.44,2.45,2.51,2.55,2.48,2.47,2.47,2.56,2.65,2.85,3
2/12/19,2.42,2.43,2.43,2.5,2.55,2.5,2.48,2.49,2.58,2.68,2.87,3.02
2/13/19,2.42,2.42,2.44,2.51,2.55,2.53,2.52,2.53,2.61,2.71,2.89,3.04
2/14/19,2.45,2.43,2.43,2.51,2.53,2.5,2.48,2.48,2.56,2.66,2.85,3.01
2/15/19,2.43,2.43,2.43,2.5,2.55,2.52,2.5,2.49,2.57,2.66,2.84,3
2/19/19,2.44,2.42,2.45,2.52,2.54,2.5,2.47,2.47,2.55,2.65,2.84,2.99
2/20/19,2.41,2.42,2.45,2.51,2.54,2.5,2.47,2.47,2.55,2.65,2.84,3
2/21/19,2.43,2.44,2.45,2.51,2.55,2.53,2.49,2.51,2.59,2.69,2.89,3.05
2/22/19,2.43,2.45,2.46,2.51,2.55,2.48,2.46,2.47,2.55,2.65,2.86,3.02
2/25/19,2.44,2.46,2.47,2.51,2.56,2.51,2.48,2.48,2.57,2.67,2.87,3.03
2/26/19,2.43,2.44,2.45,2.51,2.55,2.48,2.44,2.45,2.54,2.64,2.84,3.01
2/27/19,2.43,2.44,2.45,2.52,2.54,2.5,2.48,2.49,2.59,2.69,2.91,3.07
2/28/19,2.44,2.47,2.45,2.5,2.54,2.52,2.5,2.52,2.63,2.73,2.94,3.09
3/1/19,2.44,2.46,2.44,2.52,2.55,2.55,2.54,2.56,2.67,2.76,2.97,3.13
3/4/19,2.45,2.46,2.46,2.54,2.54,2.55,2.52,2.53,2.63,2.72,2.93,3.09
3/5/19,2.44,2.45,2.46,2.53,2.54,2.55,2.52,2.53,2.63,2.72,2.93,3.08
3/6/19,2.43,2.44,2.47,2.53,2.54,2.52,2.49,2.49,2.59,2.69,2.9,3.06
3/7/19,2.45,2.46,2.45,2.52,2.52,2.47,2.44,2.44,2.54,2.64,2.86,3.03
3/8/19,2.45,2.46,2.46,2.52,2.53,2.45,2.43,2.42,2.51,2.62,2.83,3
3/11/19,2.44,2.45,2.46,2.54,2.53,2.47,2.45,2.44,2.53,2.64,2.86,3.03
3/12/19,2.44,2.46,2.46,2.53,2.52,2.45,2.41,2.41,2.5,2.61,2.82,3
3/13/19,2.43,2.44,2.45,2.53,2.53,2.45,2.41,2.42,2.51,2.61,2.82,3.02
3/14/19,2.48,2.46,2.45,2.52,2.52,2.46,2.42,2.43,2.53,2.63,2.86,3.04
3/15/19,2.46,2.46,2.45,2.52,2.52,2.43,2.39,2.4,2.49,2.59,2.83,3.02
3/18/19,2.47,2.46,2.44,2.51,2.52,2.45,2.41,2.42,2.51,2.6,2.83,3.01
3/19/19,2.46,2.47,2.46,2.52,2.5,2.46,2.42,2.42,2.51,2.61,2.84,3.02
3/20/19,2.45,2.45,2.48,2.49,2.47,2.4,2.34,2.34,2.44,2.54,2.79,2.98
3/21/19,2.51,2.47,2.49,2.5,2.48,2.41,2.34,2.34,2.44,2.54,2.78,2.96
3/22/19,2.49,2.48,2.46,2.48,2.45,2.31,2.24,2.24,2.34,2.44,2.69,2.88
3/25/19,2.47,2.47,2.46,2.49,2.41,2.26,2.19,2.21,2.32,2.43,2.68,2.87
3/26/19,2.46,2.44,2.46,2.49,2.44,2.24,2.18,2.18,2.29,2.41,2.67,2.86
3/27/19,2.45,2.43,2.44,2.46,2.4,2.22,2.16,2.18,2.28,2.39,2.63,2.83
3/28/19,2.44,2.45,2.43,2.44,2.4,2.23,2.18,2.2,2.29,2.39,2.62,2.81
3/29/19,2.43,2.44,2.4,2.44,2.4,2.27,2.21,2.23,2.31,2.41,2.63,2.81
4/1/19,2.42,2.43,2.43,2.46,2.41,2.33,2.29,2.31,2.4,2.49,2.71,2.89
4/2/19,2.43,2.42,2.42,2.45,2.41,2.3,2.26,2.28,2.38,2.48,2.7,2.88
4/3/19,2.42,2.43,2.44,2.45,2.41,2.33,2.29,2.32,2.42,2.52,2.75,2.93
4/4/19,2.43,2.43,2.44,2.46,2.41,2.33,2.29,2.32,2.41,2.51,2.74,2.92
4/5/19,2.42,2.43,2.44,2.46,2.43,2.35,2.3,2.31,2.4,2.5,2.72,2.91
4/8/19,2.43,2.44,2.43,2.48,2.43,2.36,2.31,2.33,2.42,2.52,2.74,2.93
4/9/19,2.42,2.43,2.42,2.46,2.42,2.35,2.31,2.31,2.4,2.51,2.73,2.92
4/10/19,2.4,2.41,2.43,2.46,2.41,2.31,2.27,2.28,2.37,2.48,2.71,2.9
4/11/19,2.42,2.43,2.43,2.46,2.44,2.35,2.3,2.31,2.4,2.51,2.74,2.94
4/12/19,2.41,2.43,2.44,2.47,2.44,2.4,2.36,2.38,2.47,2.56,2.78,2.97
4/15/19,2.42,2.43,2.43,2.46,2.43,2.4,2.36,2.37,2.46,2.55,2.77,2.96
4/16/19,2.43,2.44,2.43,2.47,2.45,2.41,2.38,2.41,2.5,2.6,2.81,2.99
4/17/19,2.43,2.44,2.44,2.47,2.44,2.4,2.37,2.4,2.49,2.59,2.81,2.99
4/18/19,2.44,2.44,2.42,2.47,2.44,2.38,2.36,2.38,2.46,2.57,2.78,2.96
4/22/19,2.44,2.44,2.44,2.47,2.46,2.38,2.36,2.39,2.49,2.59,2.82,2.99
4/23/19,2.43,2.44,2.45,2.46,2.43,2.36,2.34,2.36,2.46,2.57,2.81,2.98
4/24/19,2.42,2.43,2.44,2.46,2.42,2.32,2.28,2.32,2.41,2.53,2.76,2.94
4/25/19,2.43,2.44,2.43,2.46,2.42,2.33,2.29,2.33,2.42,2.54,2.76,2.94
4/26/19,2.42,2.43,2.42,2.46,2.41,2.28,2.25,2.29,2.39,2.51,2.74,2.92
4/29/19,2.45,2.45,2.44,2.47,2.42,2.3,2.27,2.32,2.42,2.54,2.78,2.96
4/30/19,2.43,2.44,2.43,2.46,2.39,2.27,2.24,2.28,2.39,2.51,2.75,2.93
5/1/19,2.42,2.41,2.43,2.44,2.39,2.31,2.28,2.31,2.41,2.52,2.74,2.92
5/2/19,2.44,2.46,2.47,2.46,2.41,2.35,2.32,2.34,2.44,2.55,2.77,2.94
5/3/19,2.42,2.44,2.43,2.46,2.41,2.33,2.3,2.33,2.43,2.54,2.75,2.93
5/6/19,2.43,2.44,2.44,2.46,2.39,2.31,2.27,2.3,2.4,2.51,2.73,2.91
5/7/19,2.44,2.44,2.43,2.46,2.37,2.28,2.24,2.25,2.35,2.45,2.68,2.86
5/8/19,2.42,2.43,2.43,2.45,2.37,2.3,2.26,2.28,2.38,2.49,2.71,2.89
5/9/19,2.43,2.43,2.43,2.46,2.36,2.26,2.22,2.25,2.34,2.45,2.69,2.87
5/10/19,2.42,2.43,2.43,2.45,2.36,2.26,2.23,2.26,2.37,2.47,2.7,2.89
5/13/19,2.41,2.42,2.41,2.42,2.32,2.18,2.15,2.18,2.28,2.4,2.65,2.83
5/14/19,2.41,2.42,2.41,2.43,2.32,2.2,2.17,2.2,2.3,2.42,2.67,2.86
5/15/19,2.4,2.41,2.42,2.43,2.3,2.16,2.12,2.15,2.25,2.37,2.63,2.82
5/16/19,2.4,2.41,2.4,2.43,2.33,2.2,2.15,2.18,2.28,2.4,2.65,2.84
5/17/19,2.39,2.4,2.39,2.42,2.33,2.2,2.15,2.17,2.27,2.39,2.63,2.82
5/20/19,2.39,2.39,2.39,2.42,2.34,2.21,2.17,2.21,2.3,2.41,2.65,2.83
5/21/19,2.37,2.38,2.39,2.42,2.36,2.26,2.2,2.23,2.33,2.43,2.67,2.84
5/22/19,2.36,2.37,2.38,2.41,2.37,2.23,2.17,2.19,2.28,2.39,2.64,2.82
5/23/19,2.38,2.38,2.37,2.4,2.32,2.12,2.08,2.11,2.2,2.31,2.56,2.75
5/24/19,2.37,2.38,2.35,2.39,2.33,2.16,2.1,2.12,2.22,2.32,2.57,2.75
5/28/19,2.35,2.36,2.37,2.38,2.31,2.12,2.06,2.06,2.16,2.26,2.52,2.7
5/29/19,2.35,2.36,2.37,2.38,2.3,2.09,2.04,2.05,2.16,2.25,2.5,2.69
5/30/19,2.37,2.38,2.38,2.4,2.29,2.06,2,2.03,2.12,2.22,2.46,2.65
5/31/19,2.35,2.38,2.35,2.35,2.21,1.95,1.9,1.93,2.03,2.14,2.39,2.58
6/3/19,2.36,2.36,2.35,2.31,2.11,1.82,1.79,1.83,1.95,2.07,2.34,2.53
6/4/19,2.34,2.36,2.35,2.29,2.11,1.88,1.84,1.89,2.01,2.12,2.41,2.6
6/5/19,2.31,2.35,2.35,2.25,2.04,1.83,1.81,1.86,2,2.12,2.42,2.63
6/6/19,2.32,2.35,2.33,2.22,2.02,1.88,1.85,1.88,2.01,2.12,2.42,2.62
6/7/19,2.3,2.32,2.28,2.15,1.97,1.85,1.82,1.85,1.97,2.09,2.36,2.57
6/10/19,2.3,2.31,2.29,2.21,2.03,1.9,1.87,1.91,2.03,2.15,2.42,2.62
6/11/19,2.27,2.26,2.27,2.21,2.05,1.93,1.87,1.92,2.03,2.15,2.42,2.62
6/12/19,2.19,2.22,2.24,2.2,2.02,1.88,1.83,1.88,2,2.13,2.41,2.62
6/13/19,2.24,2.23,2.19,2.18,2,1.83,1.78,1.84,1.96,2.1,2.39,2.61
6/14/19,2.23,2.21,2.2,2.18,2,1.84,1.79,1.85,1.96,2.09,2.38,2.59
6/17/19,2.22,2.21,2.23,2.2,2.03,1.86,1.8,1.85,1.96,2.09,2.37,2.58
6/18/19,2.18,2.2,2.22,2.2,2.04,1.86,1.8,1.83,1.93,2.06,2.34,2.55
6/19/19,2.14,2.18,2.18,2.11,1.96,1.74,1.7,1.77,1.89,2.03,2.32,2.54
6/20/19,2.17,2.15,2.14,2.04,1.91,1.72,1.69,1.74,1.87,2.01,2.31,2.53
6/21/19,2.16,2.16,2.11,2.05,1.95,1.77,1.74,1.8,1.93,2.07,2.37,2.59
6/24/19,2.12,2.13,2.13,2.1,1.92,1.72,1.69,1.75,1.88,2.02,2.33,2.55
6/25/19,2.11,2.12,2.12,2.1,1.93,1.71,1.67,1.73,1.86,2,2.31,2.53
6/26/19,2.11,2.12,2.15,2.12,1.96,1.77,1.74,1.8,1.92,2.05,2.35,2.57
6/27/19,2.19,2.15,2.14,2.12,1.93,1.74,1.71,1.76,1.88,2.01,2.31,2.52
6/28/19,2.18,2.15,2.12,2.09,1.92,1.75,1.71,1.76,1.87,2,2.31,2.52
7/1/19,2.17,2.16,2.21,2.1,1.94,1.78,1.74,1.79,1.9,2.03,2.34,2.55
7/2/19,2.21,2.17,2.2,2.09,1.91,1.77,1.71,1.75,1.85,1.98,2.29,2.51
7/3/19,2.25,2.2,2.21,2.08,1.91,1.77,1.71,1.74,1.83,1.96,2.25,2.47
7/5/19,2.26,2.22,2.23,2.14,1.98,1.87,1.82,1.84,1.93,2.04,2.34,2.54
7/8/19,2.23,2.24,2.26,2.14,1.99,1.88,1.84,1.86,1.94,2.05,2.32,2.53
7/9/19,2.22,2.24,2.26,2.15,2,1.92,1.88,1.88,1.96,2.07,2.34,2.54
7/10/19,2.18,2.18,2.2,2.07,1.93,1.82,1.79,1.82,1.93,2.07,2.36,2.57
7/11/19,2.17,2.17,2.17,2.08,1.97,1.85,1.84,1.88,1.99,2.13,2.42,2.65
7/12/19,2.16,2.18,2.14,2.07,1.96,1.84,1.81,1.86,1.98,2.12,2.42,2.64
7/15/19,2.17,2.19,2.16,2.06,1.95,1.83,1.8,1.84,1.96,2.09,2.39,2.61
7/16/19,2.16,2.17,2.15,2.06,2,1.87,1.84,1.88,2,2.13,2.42,2.63
7/17/19,2.13,2.14,2.14,2.04,1.95,1.83,1.8,1.83,1.94,2.06,2.35,2.57
7/18/19,2.11,2.12,2.05,2.01,1.9,1.77,1.74,1.78,1.89,2.04,2.34,2.56
7/19/19,2.11,2.16,2.06,2.03,1.94,1.8,1.77,1.8,1.91,2.05,2.35,2.57
7/22/19,2.13,2.16,2.09,2.08,1.95,1.8,1.77,1.8,1.92,2.05,2.36,2.58
7/23/19,2.12,2.15,2.06,2.09,1.97,1.83,1.79,1.83,1.94,2.08,2.38,2.61
7/24/19,2.1,2.14,2.1,2.08,1.98,1.83,1.79,1.82,1.93,2.05,2.36,2.58
7/25/19,2.16,2.17,2.1,2.08,1.99,1.86,1.83,1.85,1.95,2.08,2.38,2.6
7/26/19,2.13,2.15,2.12,2.1,2,1.86,1.83,1.85,1.95,2.08,2.38,2.59
7/29/19,2.12,2.16,2.12,2.1,1.98,1.85,1.81,1.84,1.93,2.06,2.37,2.59
7/30/19,2.07,2.1,2.08,2.07,1.97,1.85,1.82,1.84,1.93,2.06,2.36,2.58
7/31/19,2.01,2.07,2.08,2.1,2,1.89,1.84,1.84,1.92,2.02,2.31,2.53
8/1/19,2.11,2.14,2.07,2.04,1.88,1.73,1.67,1.68,1.77,1.9,2.21,2.44
8/2/19,2.11,2.12,2.06,2.02,1.85,1.72,1.67,1.66,1.75,1.86,2.16,2.39
8/5/19,2.07,2.08,2.05,1.99,1.78,1.59,1.55,1.55,1.63,1.75,2.07,2.3
8/6/19,2.05,2.08,2.05,2,1.8,1.6,1.54,1.53,1.62,1.73,2.03,2.25
8/7/19,2.02,2.04,2.02,1.95,1.75,1.59,1.51,1.52,1.6,1.71,2.01,2.22
8/8/19,2.09,2.07,2.02,1.96,1.79,1.62,1.54,1.54,1.62,1.72,2.02,2.25
8/9/19,2.05,2.06,2,1.95,1.78,1.63,1.58,1.57,1.65,1.74,2.03,2.26
8/12/19,2.09,2.06,2,1.94,1.75,1.58,1.51,1.49,1.56,1.65,1.92,2.14
8/13/19,2.05,2.04,2,1.96,1.86,1.66,1.6,1.57,1.62,1.68,1.94,2.15
8/14/19,1.98,1.98,1.96,1.92,1.79,1.58,1.53,1.51,1.55,1.59,1.84,2.03
8/15/19,2.08,1.97,1.91,1.86,1.72,1.48,1.44,1.42,1.47,1.52,1.8,1.98
8/16/19,2.05,1.95,1.87,1.85,1.71,1.48,1.44,1.42,1.49,1.55,1.82,2.01
8/19/19,2.06,1.96,1.94,1.9,1.75,1.53,1.49,1.47,1.54,1.6,1.88,2.08
8/20/19,2.05,1.96,1.94,1.89,1.72,1.5,1.44,1.42,1.49,1.55,1.84,2.04
8/21/19,2.03,1.98,1.97,1.9,1.77,1.56,1.5,1.47,1.54,1.59,1.87,2.07
8/22/19,2.1,2.02,2,1.91,1.79,1.61,1.53,1.5,1.56,1.62,1.9,2.11
8/23/19,2.07,2.02,1.97,1.87,1.73,1.51,1.43,1.4,1.46,1.52,1.82,2.02
8/26/19,2.09,2.03,2.01,1.9,1.75,1.54,1.47,1.43,1.49,1.54,1.84,2.04
8/27/19,2.07,2.03,1.98,1.94,1.77,1.53,1.43,1.4,1.44,1.49,1.77,1.97
8/28/19,2.07,2.04,1.99,1.89,1.74,1.5,1.42,1.37,1.42,1.47,1.76,1.94
8/29/19,2.1,2.03,1.99,1.89,1.75,1.53,1.44,1.4,1.46,1.5,1.78,1.97
8/30/19,2.1,2.04,1.99,1.89,1.76,1.5,1.42,1.39,1.45,1.5,1.78,1.96
9/3/19,2.06,2.01,1.98,1.88,1.72,1.47,1.38,1.35,1.42,1.47,1.77,1.95
9/4/19,2.05,2.02,1.97,1.87,1.69,1.43,1.36,1.32,1.4,1.47,1.77,1.97
9/5/19,2.05,2.01,1.97,1.88,1.73,1.55,1.47,1.43,1.51,1.57,1.86,2.06
9/6/19,2.05,2,1.96,1.88,1.73,1.53,1.46,1.42,1.5,1.55,1.83,2.02
9/9/19,2.04,1.99,1.96,1.87,1.74,1.58,1.52,1.49,1.57,1.63,1.91,2.11
9/10/19,2.04,1.99,1.95,1.89,1.81,1.67,1.61,1.58,1.66,1.72,2,2.19
9/11/19,2.01,1.97,1.96,1.88,1.79,1.68,1.62,1.6,1.68,1.75,2.02,2.22
9/12/19,1.99,1.97,1.95,1.9,1.82,1.72,1.67,1.65,1.72,1.79,2.06,2.22
9/13/19,1.99,1.98,1.96,1.92,1.88,1.79,1.76,1.75,1.83,1.9,2.17,2.37
9/16/19,2.08,2.02,1.99,1.93,1.86,1.74,1.71,1.69,1.77,1.84,2.11,2.31
9/17/19,2.1,2.06,1.99,1.93,1.87,1.72,1.68,1.66,1.75,1.81,2.08,2.27
9/18/19,1.94,1.93,1.95,1.91,1.87,1.77,1.72,1.68,1.76,1.8,2.06,2.25
9/19/19,2.01,1.99,1.93,1.92,1.88,1.74,1.68,1.66,1.73,1.79,2.04,2.22
9/20/19,1.95,1.94,1.91,1.91,1.84,1.69,1.63,1.61,1.68,1.74,1.99,2.17
9/23/19,1.94,1.94,1.94,1.93,1.81,1.68,1.61,1.59,1.65,1.72,1.98,2.16
9/24/19,1.9,1.9,1.92,1.91,1.78,1.6,1.53,1.52,1.58,1.64,1.91,2.09
9/25/19,1.8,1.86,1.89,1.9,1.82,1.68,1.61,1.6,1.66,1.73,1.99,2.18
9/26/19,1.91,1.9,1.83,1.88,1.79,1.66,1.61,1.59,1.65,1.7,1.96,2.15
9/27/19,1.9,1.86,1.8,1.85,1.74,1.63,1.58,1.56,1.62,1.69,1.95,2.13
9/30/19,1.91,1.87,1.88,1.83,1.75,1.63,1.56,1.55,1.62,1.68,1.94,2.12
10/1/19,1.79,1.77,1.82,1.81,1.73,1.56,1.51,1.51,1.59,1.65,1.93,2.11
10/2/19,1.75,1.75,1.79,1.75,1.67,1.48,1.43,1.43,1.53,1.6,1.9,2.09
10/3/19,1.78,1.75,1.7,1.66,1.58,1.39,1.34,1.34,1.45,1.54,1.85,2.04
10/4/19,1.73,1.74,1.71,1.65,1.58,1.4,1.35,1.34,1.43,1.52,1.81,2.01
10/7/19,1.76,1.76,1.75,1.73,1.64,1.46,1.41,1.38,1.47,1.56,1.85,2.05
10/8/19,1.69,1.72,1.72,1.69,1.62,1.42,1.38,1.36,1.45,1.54,1.84,2.04
10/9/19,1.69,1.7,1.69,1.69,1.59,1.47,1.43,1.4,1.5,1.59,1.88,2.08
10/10/19,1.74,1.71,1.68,1.68,1.63,1.53,1.49,1.48,1.57,1.67,1.96,2.16
10/11/19,1.76,1.74,1.68,1.68,1.67,1.63,1.6,1.59,1.68,1.76,2.04,2.22
10/15/19,1.74,1.72,1.67,1.67,1.65,1.61,1.6,1.59,1.68,1.77,2.06,2.23
10/16/19,1.71,1.68,1.66,1.64,1.59,1.58,1.57,1.57,1.65,1.75,2.05,2.23
10/17/19,1.74,1.7,1.66,1.63,1.59,1.6,1.57,1.57,1.66,1.76,2.05,2.24
10/18/19,1.75,1.69,1.66,1.63,1.58,1.58,1.56,1.56,1.66,1.76,2.06,2.25
10/21/19,1.76,1.7,1.67,1.65,1.59,1.62,1.59,1.61,1.7,1.8,2.1,2.28
10/22/19,1.75,1.69,1.65,1.64,1.59,1.6,1.59,1.6,1.68,1.78,2.07,2.26
10/23/19,1.74,1.69,1.65,1.64,1.58,1.58,1.58,1.58,1.67,1.77,2.06,2.25
10/24/19,1.75,1.73,1.67,1.65,1.59,1.58,1.58,1.58,1.67,1.77,2.08,2.26
10/25/19,1.73,1.72,1.66,1.66,1.6,1.63,1.62,1.62,1.71,1.8,2.1,2.29
10/28/19,1.74,1.71,1.65,1.65,1.6,1.64,1.65,1.66,1.75,1.85,2.16,2.34
10/29/19,1.66,1.67,1.63,1.64,1.59,1.64,1.65,1.66,1.74,1.84,2.15,2.33
10/30/19,1.61,1.6,1.62,1.62,1.59,1.61,1.6,1.61,1.69,1.78,2.08,2.26
10/31/19,1.59,1.59,1.54,1.57,1.53,1.52,1.52,1.51,1.6,1.69,2,2.17
11/1/19,1.58,1.58,1.52,1.55,1.53,1.56,1.55,1.55,1.63,1.73,2.03,2.21
11/4/19,1.58,1.57,1.53,1.57,1.56,1.6,1.59,1.6,1.69,1.79,2.1,2.27
11/5/19,1.56,1.57,1.56,1.58,1.62,1.63,1.63,1.66,1.77,1.86,2.17,2.34
11/6/19,1.55,1.56,1.56,1.57,1.58,1.61,1.6,1.63,1.73,1.81,2.13,2.3
11/7/19,1.57,1.57,1.56,1.58,1.58,1.68,1.7,1.74,1.84,1.92,2.24,2.4
11/8/19,1.56,1.56,1.55,1.58,1.58,1.68,1.7,1.74,1.86,1.94,2.27,2.43
11/12/19,1.56,1.56,1.59,1.59,1.58,1.66,1.69,1.73,1.84,1.92,2.24,2.39
11/13/19,1.56,1.57,1.57,1.59,1.57,1.63,1.65,1.69,1.79,1.88,2.2,2.36
11/14/19,1.59,1.57,1.57,1.58,1.55,1.58,1.59,1.63,1.73,1.82,2.15,2.31
11/15/19,1.59,1.56,1.57,1.59,1.54,1.61,1.61,1.65,1.75,1.84,2.16,2.31
11/18/19,1.59,1.57,1.57,1.58,1.54,1.6,1.59,1.63,1.73,1.81,2.14,2.3
11/19/19,1.58,1.57,1.57,1.58,1.54,1.6,1.59,1.63,1.71,1.79,2.11,2.26
11/20/19,1.57,1.56,1.57,1.58,1.54,1.56,1.55,1.58,1.66,1.73,2.05,2.2
11/21/19,1.57,1.57,1.58,1.59,1.55,1.6,1.59,1.62,1.71,1.77,2.09,2.24
11/22/19,1.58,1.59,1.58,1.59,1.56,1.61,1.6,1.62,1.71,1.77,2.08,2.22
11/25/19,1.6,1.6,1.61,1.61,1.58,1.61,1.6,1.62,1.71,1.76,2.07,2.21
11/26/19,1.63,1.61,1.6,1.62,1.59,1.58,1.58,1.58,1.68,1.74,2.04,2.18
11/27/19,1.65,1.6,1.62,1.63,1.6,1.63,1.61,1.63,1.71,1.77,2.06,2.19
11/29/19,1.62,1.6,1.59,1.63,1.6,1.61,1.61,1.62,1.73,1.78,2.07,2.21
12/2/19,1.6,1.58,1.6,1.62,1.6,1.61,1.63,1.65,1.77,1.83,2.15,2.28
12/3/19,1.56,1.54,1.57,1.57,1.57,1.53,1.54,1.54,1.65,1.72,2.03,2.17
12/4/19,1.59,1.54,1.55,1.56,1.56,1.58,1.58,1.6,1.71,1.77,2.08,2.22
12/5/19,1.52,1.56,1.54,1.55,1.56,1.58,1.6,1.62,1.73,1.8,2.11,2.24
12/6/19,1.52,1.55,1.53,1.56,1.57,1.61,1.64,1.67,1.78,1.84,2.14,2.29
12/9/19,1.54,1.54,1.54,1.58,1.56,1.63,1.63,1.67,1.77,1.83,2.13,2.27
12/10/19,1.53,1.55,1.56,1.57,1.56,1.65,1.67,1.68,1.78,1.85,2.12,2.26
12/11/19,1.54,1.56,1.57,1.58,1.55,1.61,1.62,1.64,1.74,1.79,2.08,2.23
12/12/19,1.57,1.57,1.56,1.57,1.55,1.66,1.69,1.73,1.84,1.9,2.18,2.32
12/13/19,1.55,1.57,1.57,1.56,1.54,1.61,1.62,1.66,1.76,1.82,2.11,2.26
12/16/19,1.57,1.57,1.57,1.58,1.54,1.65,1.67,1.72,1.82,1.89,2.17,2.3
12/17/19,1.56,1.56,1.56,1.58,1.53,1.63,1.66,1.71,1.82,1.89,2.18,2.31
12/18/19,1.56,1.57,1.56,1.58,1.54,1.63,1.67,1.74,1.86,1.92,2.22,2.35
12/19/19,1.54,1.58,1.57,1.57,1.52,1.62,1.65,1.73,1.84,1.92,2.21,2.35
12/20/19,1.57,1.59,1.58,1.58,1.52,1.63,1.67,1.73,1.84,1.92,2.21,2.34
12/23/19,1.57,1.57,1.59,1.6,1.53,1.64,1.67,1.75,1.86,1.93,2.22,2.35
12/24/19,1.55,1.58,1.58,1.61,1.53,1.62,1.64,1.72,1.83,1.9,2.2,2.33
12/26/19,1.59,1.6,1.58,1.61,1.53,1.64,1.65,1.72,1.85,1.9,2.19,2.33
12/27/19,1.56,1.56,1.57,1.59,1.51,1.59,1.6,1.68,1.8,1.88,2.18,2.32
12/30/19,1.51,1.53,1.57,1.6,1.57,1.58,1.59,1.68,1.81,1.9,2.21,2.34
12/31/19,1.48,1.51,1.55,1.6,1.59,1.58,1.62,1.69,1.83,1.92,2.25,2.39
1/2/20,1.53,1.55,1.54,1.57,1.56,1.58,1.59,1.67,1.79,1.88,2.19,2.33
1/3/20,1.52,1.55,1.52,1.55,1.55,1.53,1.54,1.59,1.71,1.8,2.11,2.26
1/6/20,1.54,1.54,1.56,1.56,1.54,1.54,1.56,1.61,1.72,1.81,2.13,2.28
1/7/20,1.52,1.53,1.54,1.56,1.53,1.54,1.55,1.62,1.74,1.83,2.16,2.31
1/8/20,1.5,1.53,1.54,1.56,1.55,1.58,1.61,1.67,1.78,1.87,2.21,2.35
1/9/20,1.53,1.55,1.54,1.56,1.54,1.58,1.59,1.65,1.77,1.85,2.17,2.38
1/10/20,1.52,1.55,1.54,1.55,1.53,1.56,1.59,1.63,1.74,1.83,2.14,2.28
1/13/20,1.54,1.56,1.57,1.57,1.53,1.58,1.6,1.65,1.76,1.85,2.16,2.3
1/14/20,1.53,1.56,1.57,1.57,1.53,1.58,1.59,1.63,1.74,1.82,2.12,2.27
1/15/20,1.53,1.56,1.57,1.58,1.54,1.56,1.56,1.6,1.71,1.79,2.09,2.23
1/16/20,1.54,1.56,1.55,1.56,1.54,1.58,1.58,1.63,1.73,1.81,2.11,2.26
1/17/20,1.54,1.56,1.56,1.57,1.56,1.58,1.56,1.63,1.74,1.84,2.16,2.29
1/21/20,1.52,1.54,1.56,1.57,1.54,1.53,1.53,1.57,1.69,1.78,2.1,2.23
1/22/20,1.52,1.53,1.55,1.56,1.55,1.53,1.52,1.57,1.68,1.77,2.07,2.22
1/23/20,1.55,1.57,1.55,1.56,1.55,1.51,1.51,1.55,1.65,1.74,2.03,2.18
1/24/20,1.54,1.55,1.54,1.55,1.55,1.49,1.48,1.51,1.61,1.7,2,2.14
1/27/20,1.53,1.55,1.55,1.57,1.53,1.44,1.41,1.44,1.52,1.61,1.91,2.05
1/28/20,1.53,1.57,1.57,1.58,1.53,1.45,1.45,1.47,1.56,1.65,1.95,2.1
1/29/20,1.52,1.55,1.56,1.57,1.51,1.42,1.39,1.41,1.51,1.6,1.89,2.05
1/30/20,1.59,1.58,1.57,1.57,1.48,1.41,1.37,1.39,1.49,1.57,1.88,2.04
1/31/20,1.56,1.57,1.55,1.54,1.45,1.33,1.3,1.32,1.42,1.51,1.83,1.99
2/3/20,1.56,1.57,1.57,1.56,1.46,1.36,1.34,1.35,1.45,1.54,1.84,2.01
2/4/20,1.55,1.57,1.57,1.57,1.48,1.41,1.4,1.42,1.52,1.61,1.91,2.08
2/5/20,1.55,1.56,1.57,1.57,1.49,1.44,1.43,1.46,1.57,1.66,1.97,2.14
2/6/20,1.59,1.59,1.57,1.58,1.51,1.44,1.43,1.45,1.56,1.65,1.94,2.11
2/7/20,1.57,1.58,1.56,1.57,1.49,1.41,1.39,1.41,1.51,1.59,1.89,2.05
2/10/20,1.58,1.58,1.58,1.58,1.45,1.37,1.36,1.38,1.47,1.56,1.87,2.03
2/11/20,1.57,1.58,1.57,1.55,1.48,1.41,1.39,1.4,1.5,1.59,1.89,2.05
2/12/20,1.57,1.59,1.58,1.56,1.49,1.44,1.42,1.45,1.55,1.62,1.93,2.09
2/13/20,1.59,1.59,1.59,1.56,1.48,1.44,1.42,1.43,1.53,1.61,1.91,2.07
2/14/20,1.6,1.6,1.58,1.56,1.49,1.42,1.4,1.42,1.51,1.59,1.89,2.04
2/18/20,1.61,1.6,1.58,1.56,1.47,1.41,1.37,1.39,1.48,1.55,1.85,2
2/19/20,1.61,1.61,1.58,1.56,1.47,1.42,1.39,1.41,1.5,1.56,1.86,2.01
2/20/20,1.61,1.6,1.58,1.55,1.46,1.39,1.35,1.37,1.45,1.52,1.81,1.97
2/21/20,1.6,1.6,1.56,1.53,1.43,1.34,1.3,1.3,1.39,1.46,1.75,1.9
2/24/20,1.6,1.59,1.53,1.49,1.35,1.26,1.21,1.21,1.3,1.38,1.68,1.84
2/25/20,1.59,1.58,1.53,1.47,1.3,1.2,1.16,1.16,1.25,1.33,1.63,1.8
2/26/20,1.59,1.56,1.53,1.42,1.26,1.16,1.14,1.14,1.25,1.33,1.64,1.81
2/27/20,1.56,1.53,1.45,1.33,1.18,1.11,1.08,1.11,1.22,1.3,1.61,1.79
2/28/20,1.45,1.37,1.27,1.11,0.97,0.86,0.85,0.89,1.03,1.13,1.46,1.65
3/2/20,1.41,1.27,1.13,0.95,0.89,0.84,0.85,0.88,1.01,1.1,1.46,1.66
3/3/20,1.11,1.05,0.95,0.83,0.73,0.71,0.72,0.77,0.91,1.02,1.44,1.64
3/4/20,1,0.87,0.72,0.68,0.59,0.67,0.68,0.75,0.9,1.02,1.45,1.67
3/5/20,0.92,0.83,0.62,0.53,0.48,0.59,0.61,0.67,0.81,0.92,1.34,1.56
3/6/20,0.79,0.64,0.45,0.41,0.39,0.49,0.53,0.58,0.69,0.74,1.09,1.25
3/9/20,0.57,0.52,0.33,0.27,0.31,0.38,0.4,0.46,0.56,0.54,0.87,0.99
3/10/20,0.57,0.55,0.44,0.43,0.43,0.5,0.58,0.63,0.73,0.76,1.16,1.28
3/11/20,0.42,0.42,0.42,0.4,0.4,0.5,0.58,0.66,0.78,0.82,1.13,1.3
3/12/20,0.41,0.33,0.33,0.37,0.39,0.5,0.58,0.66,0.82,0.88,1.27,1.49
3/13/20,0.33,0.3,0.28,0.38,0.38,0.49,0.58,0.7,0.89,0.94,1.31,1.56
3/16/20,0.25,0.25,0.24,0.29,0.29,0.36,0.43,0.49,0.67,0.73,1.1,1.34
3/17/20,0.12,0.18,0.19,0.24,0.3,0.47,0.54,0.66,0.91,1.02,1.45,1.63
3/18/20,0.04,0.03,0.02,0.08,0.21,0.54,0.66,0.79,1.08,1.18,1.6,1.77
3/19/20,0.04,0.04,0.04,0.06,0.2,0.44,0.53,0.66,1,1.12,1.56,1.78
3/20/20,0.04,0.05,0.05,0.05,0.15,0.37,0.41,0.52,0.82,0.92,1.35,1.55
3/23/20,0.01,0.04,0.02,0.08,0.17,0.28,0.31,0.38,0.63,0.76,1.12,1.33
3/24/20,0.01,0.01,0.01,0.09,0.25,0.38,0.44,0.52,0.75,0.84,1.19,1.39
3/25/20,0,0,0,0.07,0.19,0.34,0.41,0.56,0.77,0.88,1.23,1.45
3/26/20,0.01,0.01,0,0.04,0.13,0.3,0.36,0.51,0.72,0.83,1.2,1.42
3/27/20,0.01,0.03,0.03,0.02,0.11,0.25,0.3,0.41,0.6,0.72,1.09,1.29
3/30/20,0.04,0.07,0.12,0.12,0.14,0.23,0.29,0.39,0.57,0.7,1.1,1.31
3/31/20,0.05,0.12,0.11,0.15,0.17,0.23,0.29,0.37,0.55,0.7,1.15,1.35
4/1/20,0.03,0.07,0.09,0.14,0.16,0.23,0.28,0.37,0.51,0.62,1.04,1.27
4/2/20,0.09,0.1,0.09,0.15,0.14,0.23,0.29,0.39,0.53,0.63,1.04,1.26
4/3/20,0.09,0.11,0.1,0.15,0.15,0.23,0.3,0.39,0.52,0.62,1.05,1.24
4/6/20,0.09,0.13,0.15,0.17,0.2,0.27,0.35,0.44,0.58,0.67,1.08,1.27
4/7/20,0.1,0.13,0.14,0.2,0.2,0.28,0.36,0.48,0.64,0.75,1.13,1.32
4/8/20,0.14,0.17,0.22,0.24,0.23,0.27,0.34,0.47,0.65,0.77,1.18,1.37
4/9/20,0.2,0.27,0.25,0.24,0.25,0.23,0.29,0.41,0.6,0.73,1.15,1.35
4/13/20,0.17,0.29,0.26,0.27,0.27,0.25,0.31,0.44,0.63,0.76,1.19,1.39
4/14/20,0.17,0.19,0.2,0.24,0.25,0.23,0.29,0.42,0.61,0.76,1.19,1.41
4/15/20,0.14,0.15,0.14,0.19,0.19,0.2,0.24,0.34,0.49,0.63,1.06,1.27
4/16/20,0.14,0.15,0.14,0.18,0.17,0.2,0.25,0.35,0.5,0.61,1.01,1.21
4/17/20,0.12,0.12,0.12,0.16,0.16,0.2,0.26,0.36,0.53,0.65,1.08,1.27
4/20/20,0.1,0.1,0.12,0.15,0.15,0.2,0.26,0.35,0.51,0.63,1.04,1.23
4/21/20,0.08,0.08,0.11,0.14,0.17,0.2,0.24,0.34,0.48,0.58,0.98,1.17
4/22/20,0.09,0.09,0.12,0.14,0.16,0.22,0.26,0.37,0.52,0.63,1.03,1.22
4/23/20,0.09,0.12,0.11,0.14,0.17,0.22,0.26,0.37,0.51,0.61,0.99,1.18
4/24/20,0.1,0.11,0.12,0.14,0.18,0.22,0.26,0.36,0.51,0.6,0.98,1.17
4/27/20,0.09,0.13,0.12,0.15,0.17,0.24,0.29,0.41,0.56,0.67,1.06,1.25
4/28/20,0.08,0.09,0.11,0.13,0.16,0.2,0.26,0.37,0.52,0.62,1,1.2
4/29/20,0.1,0.09,0.1,0.12,0.18,0.2,0.24,0.36,0.52,0.63,1.02,1.24
4/30/20,0.1,0.1,0.09,0.11,0.16,0.2,0.24,0.36,0.53,0.64,1.05,1.28
5/1/20,0.1,0.11,0.12,0.12,0.17,0.2,0.25,0.36,0.53,0.64,1.04,1.27
5/4/20,0.1,0.1,0.13,0.14,0.16,0.19,0.24,0.36,0.52,0.64,1.05,1.29
5/5/20,0.09,0.11,0.13,0.15,0.16,0.19,0.24,0.36,0.53,0.66,1.07,1.32
5/6/20,0.08,0.1,0.12,0.16,0.16,0.17,0.24,0.37,0.57,0.72,1.16,1.41
5/7/20,0.1,0.11,0.11,0.14,0.15,0.13,0.19,0.29,0.49,0.63,1.05,1.31
5/8/20,0.1,0.11,0.12,0.15,0.15,0.16,0.21,0.33,0.53,0.69,1.12,1.39
5/11/20,0.09,0.11,0.12,0.16,0.16,0.17,0.24,0.36,0.56,0.73,1.16,1.43
5/12/20,0.1,0.11,0.13,0.16,0.16,0.17,0.22,0.34,0.53,0.69,1.11,1.38
5/13/20,0.1,0.1,0.13,0.15,0.15,0.16,0.2,0.31,0.5,0.64,1.07,1.35
5/14/20,0.09,0.1,0.12,0.15,0.15,0.16,0.2,0.31,0.48,0.63,1.03,1.3
5/15/20,0.09,0.09,0.12,0.15,0.15,0.16,0.19,0.31,0.49,0.64,1.05,1.32
5/18/20,0.1,0.11,0.13,0.15,0.17,0.18,0.24,0.38,0.57,0.73,1.17,1.44
5/19/20,0.09,0.11,0.13,0.15,0.16,0.17,0.22,0.35,0.54,0.7,1.15,1.43
5/20/20,0.08,0.11,0.12,0.14,0.16,0.16,0.21,0.34,0.53,0.68,1.19,1.4
5/21/20,0.09,0.11,0.12,0.14,0.16,0.17,0.21,0.35,0.53,0.68,1.16,1.4
5/22/20,0.09,0.11,0.12,0.16,0.17,0.17,0.21,0.34,0.51,0.66,1.12,1.37
5/26/20,0.1,0.12,0.14,0.17,0.17,0.18,0.22,0.35,0.53,0.69,1.19,1.43
5/27/20,0.11,0.14,0.15,0.17,0.18,0.19,0.22,0.34,0.52,0.68,1.19,1.44
5/28/20,0.14,0.15,0.15,0.18,0.17,0.17,0.22,0.34,0.54,0.7,1.23,1.47
5/29/20,0.13,0.14,0.14,0.18,0.17,0.16,0.19,0.3,0.5,0.65,1.18,1.41
6/1/20,0.12,0.14,0.14,0.18,0.17,0.14,0.2,0.31,0.5,0.66,1.22,1.46
6/2/20,0.12,0.13,0.15,0.18,0.17,0.17,0.2,0.32,0.52,0.68,1.24,1.48
6/3/20,0.12,0.14,0.16,0.19,0.17,0.19,0.26,0.38,0.59,0.77,1.32,1.56
6/4/20,0.13,0.15,0.15,0.18,0.17,0.19,0.26,0.4,0.63,0.82,1.38,1.61
6/5/20,0.13,0.14,0.15,0.18,0.18,0.22,0.29,0.47,0.71,0.91,1.46,1.68
6/8/20,0.15,0.15,0.17,0.19,0.19,0.22,0.29,0.45,0.69,0.88,1.43,1.65
6/9/20,0.14,0.17,0.19,0.19,0.19,0.2,0.25,0.4,0.65,0.84,1.37,1.59
6/10/20,0.13,0.16,0.17,0.19,0.18,0.17,0.22,0.33,0.56,0.75,1.31,1.53
6/11/20,0.14,0.16,0.17,0.18,0.19,0.19,0.22,0.32,0.51,0.66,1.19,1.41
6/12/20,0.14,0.15,0.16,0.18,0.18,0.19,0.22,0.33,0.54,0.71,1.24,1.45
6/15/20,0.15,0.16,0.18,0.19,0.17,0.19,0.22,0.33,0.54,0.71,1.24,1.45
6/16/20,0.14,0.15,0.17,0.19,0.18,0.21,0.23,0.34,0.56,0.75,1.31,1.54
6/17/20,0.13,0.15,0.17,0.18,0.19,0.19,0.23,0.34,0.55,0.74,1.3,1.52
6/18/20,0.13,0.14,0.16,0.17,0.19,0.19,0.22,0.34,0.54,0.71,1.24,1.47
6/19/20,0.13,0.14,0.15,0.17,0.18,0.19,0.22,0.33,0.53,0.7,1.23,1.47
6/22/20,0.14,0.15,0.16,0.18,0.17,0.19,0.22,0.34,0.54,0.71,1.23,1.46
6/23/20,0.12,0.14,0.16,0.17,0.18,0.18,0.22,0.33,0.54,0.72,1.25,1.49
6/24/20,0.11,0.14,0.15,0.17,0.17,0.19,0.21,0.33,0.52,0.69,1.21,1.44
6/25/20,0.13,0.14,0.16,0.17,0.17,0.17,0.21,0.32,0.53,0.68,1.2,1.43
6/26/20,0.12,0.15,0.14,0.17,0.17,0.17,0.19,0.3,0.49,0.64,1.15,1.37
6/29/20,0.11,0.14,0.14,0.18,0.16,0.16,0.18,0.28,0.47,0.64,1.16,1.39
6/30/20,0.13,0.14,0.16,0.18,0.16,0.16,0.18,0.29,0.49,0.66,1.18,1.41
7/1/20,0.12,0.12,0.14,0.17,0.16,0.17,0.19,0.31,0.52,0.69,1.2,1.43
7/2/20,0.13,0.14,0.14,0.16,0.16,0.16,0.19,0.29,0.5,0.68,1.2,1.43
7/6/20,0.12,0.14,0.15,0.16,0.16,0.16,0.19,0.31,0.51,0.69,1.21,1.45
7/7/20,0.12,0.14,0.15,0.17,0.15,0.16,0.19,0.29,0.48,0.65,1.15,1.38
7/8/20,0.11,0.13,0.15,0.17,0.15,0.16,0.19,0.3,0.49,0.67,1.16,1.39
7/9/20,0.11,0.12,0.13,0.16,0.15,0.16,0.18,0.28,0.46,0.62,1.09,1.32
7/10/20,0.1,0.12,0.13,0.15,0.15,0.16,0.19,0.3,0.49,0.65,1.12,1.33
7/13/20,0.11,0.12,0.14,0.15,0.16,0.16,0.19,0.3,0.48,0.64,1.11,1.33
7/14/20,0.11,0.14,0.15,0.14,0.17,0.14,0.19,0.28,0.47,0.63,1.09,1.3
7/15/20,0.12,0.13,0.16,0.15,0.15,0.16,0.18,0.28,0.47,0.64,1.11,1.33
7/16/20,0.12,0.11,0.11,0.13,0.14,0.16,0.17,0.28,0.46,0.62,1.09,1.31
7/17/20,0.11,0.11,0.11,0.13,0.14,0.14,0.18,0.29,0.47,0.64,1.11,1.33
7/20/20,0.11,0.12,0.13,0.14,0.14,0.16,0.18,0.29,0.47,0.62,1.1,1.32
7/21/20,0.09,0.11,0.13,0.13,0.15,0.14,0.17,0.27,0.45,0.61,1.09,1.31